life_no,total_ms,frames,hits,grab_ms,yolo_ms,select_ms,mouse_ms,pid_ms,align_click_ms,move_ms
1,93.744,1,0,18.4524,54.3089,0.506,0.0121,0.0218,0.0195,0.3323
2,221.5418,4,1,37.8541,132.4766,0.978,0.0805,0.0318,15.3569,0.4703
3,578.4025,3,0,101.2483,405.7915,0.838,0.0238,0.0159,0.0116,0.6558
4,2366.9008,3,1,433.8924,1498.0068,0.7849,0.0269,0.0153,11.1918,0.5652
5,62.7348,1,0,12.2346,31.1119,0.4498,0.0058,0.0045,0.0018,0.2626
6,45.4499,2,0,8.4137,28.2543,0.6016,0.0209,0.0122,0.0029,0.8387
7,29.1676,1,0,5.7655,19.1708,0.2948,0.005,0.0051,0.0014,0.2148
8,32.7689,1,0,5.5017,18.625,0.2707,0.0064,0.0059,0.0011,0.2457
9,595.4273,36,0,109.2266,394.4652,7.6789,0.4146,0.1932,0.0481,7.6123
10,1708.761,108,0,318.2117,1159.9816,21.9612,1.2861,0.5664,0.1464,26.2953
11,33.479,1,0,6.4109,20.3249,0.4487,0.0075,0.0054,0.0012,0.2031
12,62.3648,1,0,11.7809,41.2211,0.3524,0.0053,0.0053,0.0015,0.2189
13,500.0907,31,2,97.3737,370.213,6.3012,0.3435,0.1741,29.8299,7.3705
14,74.5774,2,0,15.9744,59.0014,0.4621,0.0362,0.0114,0.003,0.5211
15,316.3621,17,1,78.4199,239.3949,10.8204,0.1864,0.0932,11.2737,3.8776
16,78.9781,2,0,15.584,65.4386,0.4682,0.0146,0.0109,0.0027,0.5047
17,9403.621,11,0,1767.6351,6426.8898,2.5356,0.1525,0.0568,0.0155,3.01
18,125.2004,1,0,22.1123,92.3074,0.2933,0.0063,0.0053,0.0016,0.2817
19,59.4299,1,0,13.0402,40.7504,0.3627,0.0065,0.0051,0.0011,0.2027
20,111.5352,3,0,20.3508,78.824,0.6874,0.0224,0.0157,0.0041,0.5939
21,62.2784,2,0,11.6538,47.4878,0.5481,0.0176,0.0105,0.0026,0.4228
22,174.9355,2,0,32.8894,125.666,0.4594,0.0154,0.0095,0.0021,0.3788
23,204.1019,4,0,39.241,149.1141,1.0095,0.0398,0.0219,0.0071,1.1802
24,62.4411,3,0,12.2126,45.1211,1.1092,0.0327,0.0182,0.0046,0.6825
25,546.36,1,0,109.1549,387.3192,0.5522,0.0096,0.0067,0.0022,0.2773
26,1174.1088,3,0,226.2896,820.6808,0.8298,0.0256,0.0154,0.0041,0.6445
27,205.2492,1,0,40.0837,131.2302,0.2826,0.0071,0.0057,0.0013,0.2863
28,1001.9623,1,0,189.8814,702.5603,0.3052,0.0064,0.0054,0.0014,0.2349
29,46.8278,1,0,9.0865,35.1446,0.1869,0.0038,0.0041,0.0009,0.1532
30,32.6494,1,0,5.5753,16.48,0.2969,0.007,0.0067,0.0018,0.1747
31,545.9042,1,0,102.9442,376.076,0.2871,0.0053,0.0055,0.0013,0.2425
32,145.5557,1,0,26.2571,99.5336,0.2684,0.005,0.0047,0.001,0.1993
33,466.5237,2,0,90.4496,325.2064,0.8226,0.0254,0.0108,0.0023,0.6283
34,46.5964,1,0,9.454,30.4311,0.2956,0.0053,0.0058,0.0016,0.1744
35,45.3705,1,0,9.032,32.5932,0.5412,0.0072,0.0052,0.0016,0.2175
36,32.7574,1,0,5.8636,23.0566,0.3264,0.0068,0.0047,0.0013,0.2079
37,33.4903,1,0,5.9304,20.8822,0.2467,0.0061,0.005,0.0011,0.2131
38,45.4318,1,0,9.2028,37.368,0.3446,0.0081,0.0061,0.0013,0.2452
39,1128.7532,3,0,210.7339,760.9731,0.7613,0.0245,0.0159,0.0043,1.039
40,267.5687,1,0,48.9453,181.3378,0.5068,0.0077,0.0059,0.0017,0.1827
41,32.7289,1,0,5.6075,24.2613,0.5934,0.0078,0.0054,0.0013,0.2017
42,45.2755,2,0,8.9707,32.5254,0.4513,0.013,0.0095,0.0022,0.4615
43,79.3421,1,0,14.33,63.5358,0.2794,0.0058,0.0051,0.0012,0.19
44,62.4788,1,0,11.8467,47.2312,0.4633,0.0052,0.0044,0.001,0.1412
45,716.9355,3,0,132.21,518.5999,1.0964,0.022,0.0151,0.0037,0.8855
46,62.2075,1,0,11.095,40.5904,0.2458,0.0052,0.0048,0.0014,0.1483
47,770.1107,2,0,142.4472,553.0234,0.4023,0.0129,0.0097,0.0028,0.5054
48,46.6705,1,1,8.5596,28.0283,0.4444,0.0075,0.005,14.9368,0.1404
49,32.5386,1,0,5.7135,25.0268,0.3476,0.0079,0.0052,0.0013,0.2541
50,62.2293,2,0,11.4493,43.4322,0.4325,0.017,0.0113,0.003,0.4483
51,1691.4973,3,0,320.102,1162.1873,1.0493,0.0259,0.0162,0.0035,0.6173
52,879.6217,2,0,163.7504,604.0871,0.6699,0.1926,0.0106,0.0023,0.4139
53,32.9881,1,0,5.8906,16.9968,0.3122,0.0083,0.0051,0.0012,0.2235
54,28.8001,1,0,5.9201,20.8617,0.5208,0.008,0.0046,0.0011,0.1888
55,45.767,2,0,8.9597,35.4264,0.6142,0.0169,0.0112,0.0025,0.4379
56,62.1792,2,0,12.3125,42.0276,0.9874,0.0189,0.0112,0.0023,0.3973
57,50.5776,1,0,9.0158,30.0945,0.2844,0.0053,0.0048,0.0015,0.1483
58,716.7946,2,0,132.8429,508.1886,0.9037,0.0157,0.0092,0.0026,0.5531
59,32.4139,1,0,5.8414,22.3113,0.6239,0.0079,0.0052,0.0017,0.1622
60,30.47,1,0,5.9572,23.0951,0.3794,0.0075,0.0049,0.0014,0.2565
61,31.7045,1,0,5.537,18.4293,0.5921,0.006,0.005,0.0011,0.2446
62,1270.4447,1,0,237.929,868.4918,0.4549,0.0072,0.0051,0.0015,0.2336
63,50.1012,2,0,8.5334,34.9992,0.7816,0.0177,0.0098,0.0022,0.3992
64,1191.4926,3,0,231.0745,800.912,0.6125,0.0253,0.0147,0.0035,0.5916
65,50.498,1,1,9.3069,25.656,0.4926,0.006,0.0046,15.0822,0.1437
66,1595.8323,1,0,304.8507,1073.9939,0.282,0.008,0.0064,0.0012,0.2089
67,49.4326,1,0,8.7603,30.5963,0.2929,0.0076,0.0042,0.0009,0.196
68,74.7078,3,0,13.8473,56.4097,0.7454,0.0277,0.0148,0.0037,0.81
69,62.2848,3,0,10.3427,39.7437,0.6957,0.0262,0.0152,0.0039,0.6576
70,67.0642,1,0,11.7891,44.1355,0.2803,0.006,0.0053,0.0012,0.2136
71,74.7191,4,0,14.8755,57.0916,1.1353,0.0354,0.0233,0.0059,0.9564
72,45.4115,1,0,8.6008,35.4574,0.3052,0.0052,0.005,0.0018,0.1999
73,46.6139,2,0,8.6387,25.9594,0.4762,0.0146,0.0104,0.0025,0.3366
74,32.2447,1,0,5.6343,18.8718,0.4587,0.0075,0.0055,0.0011,0.1591
75,33.6175,1,0,5.6763,19.7598,0.4134,0.0054,0.0046,0.0014,0.2205
76,58.5594,1,0,11.9539,40.4077,0.3367,0.0052,0.0051,0.0014,0.1425
77,49.1966,1,0,8.5491,32.1276,0.4303,0.0064,0.0057,0.0017,0.2506
78,96.0604,1,0,18.1045,57.1146,0.5365,0.0081,0.0057,0.001,0.1811
79,28.5402,1,0,5.933,22.8628,0.3537,0.006,0.0053,0.0013,0.1316
80,62.3183,2,0,13.3577,43.2547,0.3475,0.0139,0.0103,0.0023,0.3984
81,46.5268,2,0,8.8371,28.8914,0.6004,0.0171,0.0091,0.0031,0.3865
82,32.4164,1,0,6.3664,14.3424,0.3375,0.0054,0.0052,0.0018,0.2229
83,691.2879,1,0,123.8325,410.076,0.4299,0.0071,0.0049,0.0015,0.2806
84,59.1462,2,0,12.4151,45.9451,0.7669,0.014,0.0102,0.0023,0.3498
85,80.1579,3,0,15.5379,40.5937,0.9833,0.0246,0.0155,0.0043,0.6597
86,48.5698,1,0,8.8272,28.0458,0.3511,0.0072,0.0049,0.0011,0.1687
87,29.6082,1,0,6.1489,21.8426,0.4843,0.0083,0.0062,0.0014,0.1834
88,33.22,1,0,6.1652,16.8946,0.5487,0.0072,0.0052,0.0016,0.2633
89,28.5,1,0,6.0146,22.684,0.6264,0.0081,0.0053,0.0013,0.1835
90,78.986,4,0,15.4229,47.0231,0.9334,0.0438,0.0215,0.0056,0.8457
91,61.4398,1,0,11.776,34.1411,0.2339,0.005,0.0076,0.0015,0.41
92,583.8086,4,0,105.4361,364.1087,1.2487,0.0352,0.0215,0.0045,0.8431
93,42.4848,2,0,9.2296,25.6428,0.4135,0.0159,0.0113,0.0026,0.4059
94,31.906,1,0,5.6514,20.816,0.458,0.0111,0.0045,0.0011,0.3581
95,79.2514,3,0,13.8837,48.6559,0.8507,0.0263,0.0145,0.0041,0.5372
96,532.9129,3,0,96.7789,337.4387,0.8802,0.0257,0.0168,0.0039,0.7506
97,658.4918,2,0,122.8745,401.7832,0.4841,0.0155,0.0103,0.0024,0.2968
98,470.6521,1,0,83.6944,274.1892,0.3606,0.0075,0.0051,0.0015,0.1937
99,50.054,2,0,8.647,25.4569,0.4369,0.0128,0.0096,0.002,0.4386
100,45.585,1,0,8.3388,30.7283,0.3299,0.0065,0.0055,0.0009,0.2025
101,29.0843,1,0,5.8553,23.1423,0.5984,0.0086,0.0044,0.001,0.2291
102,50.2119,1,0,8.8198,33.4302,0.2944,0.0066,0.0053,0.001,0.1968
103,46.0723,2,0,8.1733,30.084,0.5585,0.0175,0.0122,0.0029,0.3207
104,45.0868,1,0,8.6601,33.7726,0.3158,0.0053,0.0051,0.0012,0.1709
105,33.5415,1,0,5.7064,23.8752,0.5905,0.007,0.0054,0.0013,0.1473
106,62.4305,2,0,12.2518,44.3248,0.6569,0.0154,0.0102,0.0027,0.4186
107,386.8706,3,0,71.9423,260.9083,0.4457,0.0218,0.0149,0.0034,0.7053
108,79.0777,4,0,12.898,40.8911,0.8148,0.0389,0.0203,0.0055,1.2607
109,46.1765,1,0,8.9846,28.5133,0.3915,0.0057,0.0055,0.0016,0.2501
110,49.9103,1,0,8.5004,33.6546,0.2409,0.0052,0.0051,0.0011,0.133
111,79.071,3,1,14.2178,47.3766,0.7252,0.0408,0.0154,11.3879,0.4195
112,30.3986,1,0,6.1984,13.9106,0.3297,0.0055,0.0051,0.0014,0.1879
113,48.3455,1,0,8.8425,28.2977,0.2269,0.0051,0.0053,0.0015,0.293
114,108.4442,4,0,20.904,67.7438,1.333,0.2435,0.0199,0.0049,0.7843
115,199.9842,3,0,39.7693,136.3476,0.8534,0.0269,0.0156,0.0034,0.6929
116,33.2132,1,0,5.8201,17.9846,0.4468,0.007,0.005,0.0012,0.2391
117,242.1547,1,0,42.0444,142.339,0.3129,0.0075,0.0054,0.0013,0.2935
118,715.4545,2,0,117.5501,446.934,0.5605,0.0178,0.0126,0.0026,0.3983
119,75.5344,1,0,12.9085,50.1847,0.4293,0.0075,0.0065,0.0014,0.2926
120,190.1481,3,0,30.2195,117.282,0.8662,0.0257,0.0156,0.0042,0.4446
121,79.6261,1,0,12.034,45.5777,0.2036,0.0042,0.0062,0.0009,0.8158
122,187.9842,1,0,30.5063,116.7472,0.2897,0.0069,0.0053,0.0014,0.1931
123,61.6134,3,0,10.2781,37.8461,1.0605,0.0288,0.0179,0.0038,0.5474
124,45.9208,2,0,7.4497,24.8413,0.506,0.0168,0.0106,0.0026,0.6074
125,66.5285,1,0,12.2308,40.841,0.2502,0.0073,0.0059,0.0013,0.1729
126,42.9503,2,0,8.4328,28.4483,0.8325,0.0179,0.0115,0.0032,0.4577
127,32.5396,1,0,5.2863,17.62,0.3042,0.0246,0.0052,0.0016,0.1854
128,62.1045,3,0,9.572,38.7048,1.1409,0.0256,0.0156,0.0041,0.7552
129,28.8945,1,0,5.0163,18.5844,0.298,0.0054,0.0047,0.0017,0.184
130,95.6994,5,0,15.3163,55.8067,1.1717,0.0498,0.0254,0.0063,1.023
131,78.6501,4,0,13.626,62.8812,0.8397,0.0534,0.0207,0.0054,0.91
132,96.6888,3,0,15.344,55.0745,0.8813,0.0247,0.0161,0.0038,0.8764
133,66.7879,2,0,10.5365,34.8499,0.4206,0.0141,0.0093,0.0025,0.4133
134,74.6988,3,0,12.7357,40.8835,0.9506,0.0341,0.0155,0.0039,0.7116
135,90.9601,4,0,14.7579,61.5425,0.9533,0.0415,0.0232,0.0076,1.0848
136,66.7011,3,0,9.8186,33.6236,0.6075,0.027,0.0147,0.0044,0.6762
137,465.8358,1,0,75.8496,272.3501,0.395,0.0057,0.0055,0.0011,0.2444
138,33.0701,1,0,4.9639,17.2339,0.4071,0.0058,0.0049,0.0011,0.216
139,108.4335,1,0,17.1334,77.3691,0.3886,0.0062,0.0068,0.0016,0.2335
140,62.8966,3,0,10.1377,46.7375,0.525,0.0712,0.0171,0.0032,0.8671
141,112.3639,1,0,18.3779,73.3632,0.2595,0.0071,0.0057,0.0011,0.2397
142,62.8401,3,0,10.5701,42.8569,0.9749,0.0345,0.0159,0.0037,0.689
143,95.9524,1,0,15.1828,60.0925,0.3732,0.0064,0.0085,0.0016,0.2712
144,61.7862,3,0,10.1072,42.3493,0.9664,0.0516,0.0184,0.0044,0.8725
145,63.414,3,0,11.0099,36.8317,1.2076,0.0338,0.0171,0.0049,0.7048
146,32.3389,1,0,4.6674,17.8215,0.2899,0.0057,0.0058,0.0017,0.252
147,28.7041,1,0,5.1735,21.6764,0.2511,0.0046,0.0054,0.0014,0.3616
148,49.4656,1,0,7.4222,26.3066,0.5376,0.0086,0.0042,0.0014,0.2289
149,46.0705,2,0,7.9613,28.9885,0.5591,0.0169,0.0103,0.0027,0.4078
150,237.6524,1,0,39.9888,136.6123,0.2401,0.0047,0.0057,0.001,0.2723
151,37.3197,1,0,4.9497,16.2254,0.2193,0.004,0.0056,0.001,0.2068
152,74.8248,2,0,13.1136,42.6961,0.9599,0.016,0.0084,0.0023,0.4637
153,121.0933,1,0,21.8572,77.5414,0.4077,0.0079,0.0059,0.0014,0.2734
154,78.1706,2,0,13.307,52.3386,0.9993,0.021,0.0141,0.0042,0.4506
155,95.101,2,0,15.2041,54.8742,0.4915,0.0202,0.0117,0.0025,0.4741
156,67.4493,2,0,10.2963,35.2472,0.6069,0.0157,0.0102,0.0026,0.4171
157,215.4584,2,0,36.0034,117.6714,1.1538,0.013,0.0096,0.0021,0.3763
158,29.4935,1,0,5.0034,17.9584,0.2015,0.0034,0.0045,0.001,0.3905
159,78.66,1,0,11.8874,45.5826,0.5138,0.0064,0.0055,0.0017,0.1814
160,63.3117,3,0,9.7521,39.8841,0.6403,0.0221,0.0137,0.0033,1.0013
161,28.7047,1,0,5.0128,17.4371,0.3165,0.0064,0.0047,0.0018,0.2062
162,33.5398,1,0,4.94,17.5031,0.4316,0.0058,0.005,0.0011,0.1969
163,46.6522,1,0,8.0085,27.2251,0.2891,0.0083,0.0066,0.0011,0.1915
164,48.4278,2,0,7.2716,36.2174,1.42,0.0159,0.0086,0.0023,0.3992
165,28.5847,1,0,4.8692,18.3036,0.2929,0.0046,0.0049,0.0014,0.1952
166,47.1365,1,0,7.7038,26.1956,0.236,0.005,0.0043,0.001,0.2875
167,65.0333,3,0,9.9475,41.8798,0.5241,0.021,0.0147,0.0038,0.887
168,862.5848,1,0,135.3377,525.2002,0.1917,0.0034,0.0037,0.0012,0.5429
169,79.0085,1,0,12.2765,43.7,0.245,0.0037,0.0046,0.0012,0.305
170,92.1078,1,0,15.245,59.8626,0.5345,0.0077,0.0047,0.001,0.1741
171,32.4567,1,0,4.9566,16.8007,0.5251,0.0074,0.0051,0.0011,0.1838
172,30.4891,1,0,5.5162,24.3679,0.5438,0.0085,0.0058,0.0016,0.258
173,64.9644,3,0,9.5725,42.5022,0.6808,0.0269,0.0178,0.0044,0.742
174,28.9591,1,0,5.0663,23.2566,0.4245,0.0146,0.0048,0.0011,0.2258
175,708.2412,43,3,111.1288,430.5903,9.9917,0.4425,0.2295,34.0035,10.3915
176,504.2937,31,2,81.7854,310.6375,6.808,0.3014,0.1577,22.3134,7.651
177,74.3988,4,0,12.2496,45.1783,0.7221,0.0331,0.0193,0.0048,0.8905
178,30.0106,1,0,5.0076,20.579,0.181,0.2135,0.0052,0.001,0.2408
179,32.9122,1,0,5.4114,18.7568,0.2198,0.0053,0.0049,0.0017,0.2709
180,66.5628,2,1,11.7639,39.693,0.4042,0.0144,0.0092,11.6207,0.6966
181,78.6723,4,0,13.7589,57.2377,0.6572,0.0347,0.0198,0.0054,1.2586
182,58.5003,1,0,9.5866,38.4888,0.4956,0.0067,0.0052,0.0013,0.2653
183,49.7601,2,0,7.3264,37.1344,0.7342,0.0204,0.0099,0.0029,0.5833
184,96.517,2,0,15.1883,57.7777,0.4154,0.0801,0.0095,0.0024,0.5418
185,183.492,1,0,30.8762,122.0956,0.5306,0.0966,0.0061,0.0014,0.2119
186,1569.0078,3,0,249.9339,922.1946,0.4834,0.0255,0.0159,0.0033,1.0766
187,846.2271,7,1,136.7327,506.1058,1.6028,0.0612,0.034,11.6252,1.455
188,78.5074,4,0,12.4995,51.3119,1.0158,0.035,0.0209,0.0052,0.9762
189,74.6056,4,1,12.3622,45.5793,0.938,0.0334,0.0206,11.081,0.6654
190,254.7704,15,1,41.5896,133.0098,3.7734,0.1281,0.0767,11.3494,3.4271
191,311.9421,18,1,51.2988,184.0359,4.1908,0.1894,0.0935,11.2746,4.6887
192,62.1335,1,0,10.3677,35.1719,0.469,0.006,0.0049,0.0016,0.2333
193,704.2493,2,0,111.2078,400.5206,0.3706,0.0143,0.0099,0.0029,0.4932
194,78.7086,3,0,12.5777,59.1227,0.7677,0.0223,0.014,0.0033,1.2343
195,46.355,2,0,7.5186,37.0007,0.9081,0.0197,0.011,0.0026,0.4363
196,44.7313,1,0,7.4941,31.403,0.5044,0.0075,0.0054,0.0014,0.2564
197,33.8841,1,0,5.1852,17.884,0.182,0.0033,0.0041,0.001,0.282
198,124.4268,1,0,20.1997,73.0502,0.4451,0.0076,0.006,0.0016,0.2395
199,79.781,3,0,12.0195,39.0681,0.4956,0.0204,0.0138,0.0032,0.7167
200,137.1243,6,0,22.1073,95.5374,1.7124,0.0523,0.0322,0.009,1.3324
201,142.5239,2,0,22.4027,92.7888,0.4555,0.0166,0.0105,0.003,0.4549
202,78.0315,1,0,12.2553,52.2651,0.5294,0.005,0.0045,0.001,0.1512
203,66.5727,2,0,9.6733,34.6318,0.5867,0.0154,0.0105,0.0022,0.3623
204,29.3376,1,0,5.0242,17.7726,0.3167,0.0053,0.0055,0.0012,0.1929
205,62.0069,3,0,10.1735,39.8179,0.8546,0.0232,0.0172,0.0043,0.7745
206,78.9684,1,0,12.7254,54.3935,0.2092,0.0035,0.005,0.0011,0.3197
207,95.5668,1,0,14.5975,48.7997,0.1886,0.005,0.0047,0.0011,0.3662
208,79.8571,2,0,13.7431,50.0132,0.5175,0.0131,0.0091,0.0024,0.4293
209,28.9922,1,0,4.9639,21.2616,0.544,0.0065,0.0055,0.0012,0.2178
210,78.8139,1,0,11.8321,49.7137,0.5569,0.0075,0.0047,0.0013,0.1996
211,92.0111,1,0,14.9244,58.0958,0.3767,0.0189,0.0058,0.0012,0.1655
212,145.1494,1,0,23.1855,89.912,0.5337,0.0076,0.0048,0.0013,0.1653
213,91.4487,1,0,14.557,53.2622,0.4035,0.006,0.0049,0.0014,0.178
214,29.7716,1,0,5.0548,19.4088,0.181,0.0036,0.0046,0.0009,0.35
215,78.5429,3,0,13.5662,50.3715,0.5291,0.0247,0.0156,0.0036,0.9044
216,95.1281,2,0,15.4731,58.6452,0.7069,0.0162,0.0107,0.0035,0.4742
217,379.4621,2,1,61.4102,237.6693,0.3517,0.0121,0.0086,11.5482,0.2052
218,420.9946,4,1,68.7258,256.6935,1.2067,0.0453,0.0226,11.4079,0.7985
219,170.5483,4,1,26.2307,110.4754,1.2398,0.0384,0.0209,11.1906,0.9098
220,516.2081,1,0,83.1011,320.1041,0.247,0.0071,0.0051,0.0015,0.239
221,725.3967,3,0,114.725,445.2588,0.6481,0.0266,0.0169,0.004,0.8628
222,232.8224,1,1,36.8734,159.3108,0.4209,0.0203,0.0054,11.3876,0.1336
223,45.6796,2,0,7.8572,27.1668,0.5851,0.0123,0.0107,0.003,0.7137
224,46.0778,1,0,7.2078,30.7947,0.2408,0.0055,0.0053,0.0011,0.4627
225,175.1542,3,1,28.9422,104.294,0.8972,0.0266,0.0159,11.3324,0.7847
226,138.6172,7,0,25.0831,83.4294,1.6945,0.0678,0.036,0.009,2.3232
227,65.0046,1,1,10.1831,41.8716,0.3996,0.0057,0.0049,11.1053,0.1437
228,79.083,4,0,12.409,50.109,0.7891,0.0397,0.0244,0.0065,0.9028
229,29.1649,1,0,5.0821,25.9164,0.4058,0.0061,0.0049,0.0018,0.207
230,61.6962,3,0,9.7263,40.2557,0.7884,0.0275,0.0169,0.0069,0.6948
231,342.0421,4,1,57.7811,218.2452,0.6407,0.0314,0.0197,11.4104,1.0669
232,1145.4173,2,0,182.3137,675.9051,0.7098,0.0167,0.0102,0.0026,0.4006
233,453.6609,1,0,74.4543,279.6581,0.2841,0.0052,0.0052,0.0013,0.2101
234,125.4825,1,0,20.1006,86.1185,0.1871,0.0037,0.0043,0.0008,0.181
235,47.1777,1,0,7.5163,30.5162,0.4567,0.0079,0.0058,0.0011,0.2082
236,66.1669,2,0,10.1571,36.498,1.3258,0.0167,0.1187,0.0027,0.8533
237,44.9979,1,0,7.7733,28.0138,0.4006,0.0064,0.0058,0.0014,0.2468
238,61.7639,2,0,10.1438,35.6609,0.7298,0.0161,0.0112,0.0026,1.0591
239,95.9593,1,0,15.2835,59.524,0.2161,0.0048,0.0041,0.001,0.3271
240,75.3045,2,0,12.7618,46.2686,0.4527,0.0211,0.0095,0.0023,0.4448
241,32.9605,1,0,4.9777,24.6644,0.3308,0.0069,0.0055,0.0014,0.2316
242,79.6463,1,0,13.1662,35.4425,0.3747,0.0071,0.0038,0.0009,0.1738
243,374.1278,1,0,59.8583,237.6927,0.3869,0.0099,0.005,0.0015,0.2505
244,62.2868,3,0,9.5756,38.3064,0.5687,0.0267,0.0153,0.0037,0.7883
245,45.8679,1,0,7.303,27.6519,0.4514,0.0048,0.0038,0.0011,0.1942
246,79.2937,4,0,11.8739,53.0752,1.002,0.0393,0.0213,0.0054,0.9123
247,332.8887,3,1,54.3533,214.4528,0.7558,0.0265,0.0165,11.1561,0.5449
248,91.4817,3,0,15.1151,57.9992,0.928,0.0452,0.0154,0.0035,0.6552
249,79.3427,1,0,13.0506,54.3283,0.1883,0.0038,0.0044,0.0013,0.3613
250,79.2796,2,0,12.2373,60.6287,0.5664,0.0161,0.0093,0.0025,0.7848
251,187.1477,2,0,31.2982,133.593,1.2334,0.0835,0.01,0.0027,0.4793
252,80.3209,4,0,13.4741,49.5087,1.1018,0.0399,0.0248,0.0057,0.9214
253,106.6318,1,0,18.3817,73.7493,0.4092,0.0076,0.0079,0.0023,0.2128
254,704.1027,1,0,112.2784,427.6341,0.439,0.0068,0.0044,0.0014,0.2022
255,45.0304,1,0,7.067,31.3868,0.4812,0.008,0.0053,0.0011,0.1905
256,238.1621,1,0,38.4091,159.5149,0.3079,0.0139,0.0051,0.0011,0.3668
257,875.1031,1,0,145.3262,612.4479,0.9418,0.0084,0.0053,0.0016,0.2278
258,32.9248,1,0,5.3751,16.4027,0.6902,0.0076,0.0051,0.0013,0.2289
259,46.6061,2,0,8.0044,31.9357,0.7649,0.0162,0.0113,0.0032,0.4284
260,32.3681,1,0,5.1393,19.6002,0.559,0.0081,0.0059,0.0011,0.2237
261,96.3048,4,0,16.2367,58.5183,0.8373,0.0366,0.0231,0.0053,1.047
262,79.3622,4,0,13.8707,54.5771,1.3273,0.0502,0.0229,0.0058,0.884
263,120.1785,6,0,21.9571,84.7502,1.9281,0.0923,0.0356,0.0084,1.4868
264,220.6233,12,0,36.5024,153.3797,4.404,0.1904,0.0721,0.0189,2.6092
265,45.153,2,0,8.0212,32.4462,0.5847,0.0156,0.01,0.0023,0.451
266,34.3132,1,0,5.034,22.7217,0.2311,0.0044,0.0046,0.001,0.2542
267,61.6237,3,0,10.4048,35.7136,0.5455,0.0278,0.0161,0.0043,0.7683
268,33.8148,1,0,4.8381,22.9203,0.5376,0.012,0.0046,0.0012,0.2287
269,141.0934,7,1,24.0595,108.477,2.621,0.0751,0.0402,11.7405,1.4364
270,96.0786,2,0,17.2272,61.0972,0.8287,0.0954,0.011,0.0037,0.5605
271,45.1874,1,0,7.3285,36.0579,0.4602,0.0114,0.0052,0.0011,0.2142
272,79.7869,4,0,13.7272,62.3681,1.5893,0.1122,0.0235,0.0058,1.3123
273,29.6853,1,0,5.7213,24.8519,0.3198,0.0087,0.0076,0.0021,0.3265
274,78.0807,4,0,12.8477,61.074,0.8866,0.0497,0.0238,0.006,1.0013
275,33.4708,1,0,5.149,25.3945,0.3656,0.007,0.005,0.0011,0.2319
276,63.7352,2,0,12.0996,43.1706,0.4371,0.0188,0.0112,0.0025,0.5561
277,31.9262,1,0,5.6106,29.7404,0.6842,0.0078,0.0057,0.0016,0.2819
278,141.418,8,0,30.6294,103.2488,2.4592,0.0816,0.0482,0.0105,1.7796
279,243.0058,13,1,45.727,172.3171,10.1488,0.2195,0.0779,11.0107,3.1985
280,65.9532,4,0,13.5171,53.3639,1.3042,0.0493,0.0215,0.0056,1.4778
281,36.0924,1,0,4.8685,18.6356,0.4066,0.0097,0.0055,0.0015,0.2622
282,58.3555,3,0,10.3318,42.4078,1.4813,0.0316,0.0173,0.0046,0.6711
283,31.6406,1,0,6.9189,25.2641,0.3305,0.0061,0.0058,0.0013,0.2313
284,252.2856,15,1,44.3778,181.5822,4.9184,0.2631,0.0978,11.4659,4.2649
285,61.5172,3,0,10.8811,43.8122,1.0423,0.0308,0.0182,0.004,0.8418
286,29.1756,1,0,5.0869,24.5215,0.453,0.0066,0.0045,0.001,0.2656
287,33.3669,1,0,4.978,24.2433,0.3867,0.0067,0.0054,0.0013,0.1988
288,420.3793,25,0,72.9997,282.3122,6.0636,0.384,0.1424,0.0374,6.5756
289,95.4927,5,0,15.5112,62.7059,1.1458,0.0615,0.0276,0.0073,1.2918
290,50.2724,1,1,12.068,24.7537,0.5191,0.006,0.0059,11.1999,0.1714
291,45.0534,1,0,8.0747,34.1443,0.184,0.0042,0.0063,0.0017,0.2448
292,158.5744,2,0,27.8534,131.1483,0.3551,0.0177,0.0109,0.0022,1.0686
293,46.6366,2,0,8.0932,37.4646,0.7858,0.0162,0.0109,0.0029,0.5249
294,32.6943,1,0,4.9792,25.3556,1.085,0.0333,0.0058,0.0015,0.3361
295,265.8361,10,0,46.178,214.0176,3.121,0.1166,0.0559,0.0147,3.0601
296,437.2359,1,0,71.93,312.6629,0.6291,0.0067,0.0052,0.0011,0.2351
297,154.5893,8,0,25.6678,105.0094,1.7797,0.0886,0.0443,0.0181,1.531
298,32.6007,1,0,4.8378,25.0157,0.2999,0.0058,0.0069,0.0013,0.2425
299,125.8239,3,0,21.9189,88.6011,1.288,0.0268,0.0168,0.004,0.9357
300,65.7399,3,0,10.338,43.9033,0.8557,0.0246,0.0155,0.0035,0.8967
301,58.0222,2,0,10.52,47.1353,0.6016,0.0214,0.0115,0.003,0.4741
302,2332.8825,32,0,387.7472,1543.3302,9.05,0.4548,0.1773,0.0428,7.6493
303,238.2848,7,0,38.4858,158.8163,1.5166,0.0725,0.0371,0.0099,1.7265
304,95.2774,3,0,17.903,56.8609,1.2139,0.0324,0.018,0.0044,0.8535
305,137.8627,6,0,24.9742,96.616,1.2911,0.0568,0.03,0.0073,1.4101
306,5048.5545,1,0,400.0389,1626.6095,0.294,0.0051,0.006,0.0015,0.2103
307,623.0944,2,0,128.578,475.0157,0.4194,0.0133,0.0099,0.0024,0.3942
308,61.7093,3,0,11.3495,45.39,1.398,0.0339,0.0249,0.0039,1.231
309,32.0626,1,0,4.7875,21.7865,0.2585,0.0858,0.0052,0.0011,0.4202
310,629.3752,33,2,108.8813,394.7463,8.9723,0.3706,0.1799,26.3886,8.1582
311,1757.3874,4,0,285.5679,1107.3371,1.1401,0.0335,0.0199,0.0059,0.8217
312,63.1527,3,0,10.3581,41.4261,0.4915,0.0224,0.0143,0.0036,0.7058
313,188.7045,5,0,30.6364,132.5378,1.2983,0.0439,0.0252,0.006,1.3196
314,61.7833,3,0,10.5525,45.765,1.5101,0.0261,0.018,0.0037,0.661
315,610.8069,1,0,100.5469,409.5539,0.3015,0.0049,0.0048,0.0013,0.1853
316,674.6677,1,0,108.5475,450.0626,0.4682,0.0079,0.005,0.0011,0.1691
317,158.2936,1,0,25.1828,89.7302,0.2144,0.0044,0.0044,0.0008,0.1503
318,29.2178,1,0,4.9946,18.233,0.199,0.0035,0.0049,0.0012,0.4321
319,30.1136,1,0,5.3806,24.1682,0.2368,0.005,0.0056,0.0011,0.2929
320,33.5977,1,0,5.6613,15.0386,0.4629,0.0072,0.0052,0.0011,0.3422
321,77.9079,4,0,13.162,48.908,1.2294,0.036,0.0226,0.0046,1.1369
322,33.4427,1,0,5.4139,18.4719,0.2718,0.0044,0.005,0.001,0.2609
323,153.5288,9,0,25.8329,102.1326,2.4215,0.1016,0.0509,0.0123,2.2086
324,108.5364,6,0,17.1065,69.7318,1.0972,0.0489,0.0291,0.0077,1.5362
325,37.805,1,0,4.8462,14.1415,0.4074,0.0067,0.0049,0.0014,0.1311
326,91.0702,4,0,15.2336,69.9859,1.1851,0.0339,0.0209,0.0046,1.2028
327,30.2464,1,0,5.727,23.5256,0.2298,0.0032,0.0046,0.0011,0.4152
328,36.471,1,0,4.9021,19.0792,0.7801,0.0088,0.0054,0.0012,0.3744
329,41.3972,2,0,8.3766,29.8639,0.6017,0.0186,0.0108,0.0025,0.6863
330,29.6752,1,0,5.3267,14.6306,0.4027,0.0068,0.0049,0.0011,0.1122
331,65.0719,2,0,9.9005,38.1014,0.8921,0.0157,0.0098,0.0025,0.3514
332,29.9543,1,0,5.2559,22.4333,0.2054,0.0037,0.004,0.001,0.2935
333,79.0336,4,0,12.7188,60.2743,0.9318,0.0369,0.0226,0.0052,0.948
334,159.3688,9,0,36.5011,88.6932,2.4058,0.1226,0.0506,0.0128,1.965
335,65.087,1,0,11.5619,38.9418,0.7163,0.0061,0.0049,0.0015,0.2153
336,203.5294,11,0,33.0991,137.1932,3.0412,0.1169,0.0591,0.0141,3.3832
337,45.9503,2,0,7.984,40.0702,0.8531,0.0196,0.0103,0.0026,0.9936
338,6616.4784,1,0,1106.3288,4604.5496,0.3655,0.0057,0.0048,0.0012,0.1983
339,58.687,3,0,10.3354,46.0382,0.7134,0.145,0.0171,0.0039,0.832
340,33.0276,1,0,5.5969,14.4562,0.4059,0.0058,0.0077,0.0017,0.232
341,33.6386,1,0,5.4324,14.9754,0.6151,0.0068,0.006,0.0013,0.2328
342,63.555,3,0,14.8331,36.8747,1.0966,0.0278,0.0147,0.0042,0.7628
343,27.4383,1,0,5.0502,22.1325,0.7418,0.0065,0.0055,0.0012,0.2467
344,1303.1913,82,4,210.0198,824.0448,19.3081,1.0139,0.4315,45.0292,17.2742
345,6304.911,41,3,912.803,2714.9639,9.7233,0.5165,0.2228,33.3002,7.2089
346,228.167,9,0,76.9037,219.7328,10.8129,0.2227,0.048,0.0112,1.7917
347,791.9351,50,3,139.5253,554.6566,12.5871,0.8733,0.283,38.4491,13.32
348,42.5127,2,0,8.1721,32.9008,0.7806,0.0193,0.0118,0.0033,0.4685
349,36.1333,1,0,4.9573,18.3855,0.4402,0.0051,0.0054,0.0015,0.1983
350,353.5446,1,0,58.6563,234.4471,0.5738,0.0063,0.0054,0.0016,0.2464
351,33.5888,1,0,4.8744,22.5491,0.2798,0.0073,0.0046,0.0013,0.1889
352,29.805,1,0,5.1559,23.5048,0.4332,0.0076,0.0049,0.0012,0.1271
353,77.7133,4,0,12.0898,47.3157,0.8622,0.0321,0.022,0.0054,0.8606
354,158.3147,9,1,24.9102,101.0742,1.8575,0.1283,0.0474,11.3466,2.8315
355,45.4658,1,0,7.4589,28.2036,0.4318,0.0058,0.0043,0.0015,0.4005
356,221.2155,13,1,34.9935,135.6399,3.3625,0.1494,0.0677,11.4912,2.9708
357,59.9603,3,0,10.9924,34.2908,0.8587,0.0237,0.0161,0.0039,0.514
358,31.4537,1,0,4.6257,18.6416,0.7254,0.0099,0.005,0.0009,0.2936
359,66.4991,3,0,9.7928,42.2891,0.6952,0.0235,0.015,0.0032,0.8547
360,28.6603,1,0,5.1934,20.1434,0.3497,0.0086,0.0044,0.0011,0.2082
361,170.5583,10,1,28.0266,110.6795,2.2027,0.0921,0.0497,11.0223,2.6205
362,895.8811,55,3,142.4984,570.8949,12.6556,0.6003,0.2879,33.536,8.8368
363,1299.9562,81,4,207.7292,818.6235,15.9639,1.13,0.4236,45.0399,16.4445
364,829.1842,52,3,135.2016,518.9654,10.3719,0.8522,0.2737,33.895,10.5446
365,1799.5977,112,7,293.5195,1065.1924,23.8445,1.2084,0.5733,78.5493,21.4301
366,75.3514,4,0,12.8679,43.0468,0.7342,0.0326,0.0204,0.0065,0.9709
367,28.5135,1,0,5.2366,21.6112,0.4515,0.0064,0.0057,0.0018,0.2313
368,67.5351,3,0,10.05,41.6529,0.6122,0.0258,0.0155,0.0043,1.1735
369,24.0564,1,0,5.0241,20.2694,0.4017,0.0078,0.0053,0.0009,0.1827
370,33.1756,1,0,4.7503,14.9964,0.3001,0.0056,0.0048,0.0011,0.2322
371,45.7662,1,0,7.3959,23.9848,0.3804,0.0083,0.0053,0.0013,0.2439
372,145.5424,1,0,22.7069,96.5046,0.4161,0.0064,0.0046,0.0012,0.2081
373,329.0381,1,0,54.0179,226.7322,0.4989,0.0063,0.0049,0.0012,0.2857
374,61.7419,3,0,10.1563,40.9519,0.8275,0.0286,0.0166,0.0042,0.6206
375,30.4771,1,0,5.2502,23.6481,0.1869,0.0034,0.0045,0.0008,0.2007
376,82.1942,4,0,12.2266,43.9884,0.7139,0.0336,0.0202,0.0046,1.0172
377,42.7833,2,0,8.1394,29.1798,0.4028,0.0127,0.0187,0.0022,0.415
378,145.4566,7,0,24.8326,104.9245,2.1531,0.0734,0.0445,0.0104,1.9155
379,216.1929,2,0,37.8392,152.6348,0.7767,0.0205,0.0117,0.0033,0.4196
380,108.9779,4,0,18.4006,60.5882,1.3446,0.0396,0.0218,0.0055,0.9615
381,50.1687,2,0,7.2522,29.9721,0.4624,0.0165,0.0099,0.002,0.6087
382,27.5527,1,0,4.8916,21.3545,0.6025,0.0059,0.0063,0.001,0.2155
383,162.8672,9,1,25.026,99.8287,5.5438,0.1577,0.0537,11.0527,2.7662
384,312.3309,19,1,53.7073,200.1557,3.9034,0.1944,0.0994,11.3715,5.3817
385,325.0524,18,1,54.3253,205.5948,4.5838,0.2395,0.0932,11.4484,5.2518
386,237.1732,13,1,38.1409,156.4099,2.3562,0.2047,0.0703,11.1273,3.828
387,78.9861,4,0,13.3057,44.2433,1.6395,0.0481,0.0213,0.0056,1.2209
388,28.7081,1,0,5.1398,21.9891,0.3233,0.0099,0.0067,0.0017,0.2764
389,79.1591,4,0,12.5181,55.1325,2.0709,0.0737,0.0213,0.0059,1.5247
390,29.4296,1,0,5.7509,22.7311,0.2611,0.0035,0.004,0.0009,0.2705
391,220.3056,12,1,35.1351,144.6964,1.9958,0.1163,0.0657,11.4831,2.9471
392,33.5875,1,0,4.655,21.8515,0.2156,0.0036,0.0047,0.0011,0.3894
393,45.3431,2,0,7.8978,30.4094,0.8518,0.0172,0.0094,0.0021,0.3779
394,33.8169,1,0,5.1137,21.0247,0.2343,0.0048,0.0058,0.0012,0.3013
395,74.2448,3,0,12.4986,52.533,0.8086,0.0288,0.0158,0.004,0.7543
396,62.9537,3,0,10.2942,41.3539,1.0026,0.0257,0.015,0.0036,0.7198
397,32.9364,1,0,4.9424,21.2511,0.3214,0.0067,0.0047,0.0009,0.1985
398,657.7903,41,2,108.9057,404.609,8.4294,0.5788,0.2121,22.8003,10.3138
399,142.1482,7,0,21.784,83.1584,1.539,0.0889,0.0349,0.0084,1.6127
400,29.4716,1,0,4.9887,21.8735,0.2939,0.0055,0.0051,0.0013,0.1891
401,270.113,1,0,43.6842,167.531,0.7736,0.0089,0.0059,0.0014,0.235
402,91.7507,1,0,17.1092,60.6744,0.4136,0.0096,0.0047,0.0013,0.2032
403,62.3649,1,0,9.7663,33.4682,0.3234,0.0583,0.0069,0.0016,0.2145
404,32.6461,1,0,4.796,19.7465,0.6015,0.0053,0.0043,0.0013,0.1983
405,92.7002,1,0,15.8418,58.4242,0.1881,0.0035,0.0055,0.0016,0.2137
406,436.7826,1,0,69.6441,262.0765,0.48,0.0048,0.0038,0.0012,0.1555
407,112.2933,2,0,18.8653,58.6355,0.3499,0.0716,0.0091,0.0021,0.4068
408,112.5837,2,0,18.8341,58.9611,0.7536,0.0195,0.01,0.0023,0.3977
409,29.2886,1,0,5.2238,18.3792,0.3687,0.0052,0.0044,0.001,0.1703
410,49.5149,1,0,7.3131,32.9244,0.3736,0.0058,0.0066,0.0018,0.2658
411,28.6852,1,0,4.9328,17.2229,0.3897,0.0051,0.0049,0.001,0.232
412,30.452,1,0,5.3002,13.0322,0.4482,0.0113,0.0057,0.0013,0.2042
413,78.1892,2,0,12.0911,46.5915,1.1134,0.0178,0.0118,0.0027,0.3957
414,128.0157,2,0,20.6525,84.0174,0.3832,0.0141,0.0094,0.0019,0.4649
415,92.1095,2,0,15.8343,60.7058,0.5993,0.0901,0.0116,0.0031,0.8909
416,79.2511,3,0,12.7765,56.3294,0.7412,0.0306,0.0169,0.004,0.8629
417,62.2828,1,0,10.0525,42.3823,0.5417,0.0062,0.0057,0.0016,0.2266
418,490.5577,5,0,76.7072,274.2457,1.1015,0.0819,0.0282,0.007,1.2181
419,121.3915,4,0,20.093,78.0179,1.0099,0.0327,0.0201,0.0053,1.3114
420,45.8104,1,0,7.4533,25.4216,0.3618,0.0055,0.0045,0.0014,0.1538
421,79.7076,4,0,12.7863,54.977,1.2861,0.0443,0.0283,0.0063,0.7286
422,62.4913,1,0,10.2641,41.0334,0.2998,0.0085,0.0057,0.0014,0.233
423,294.4081,5,0,48.6066,182.7484,1.0658,0.0444,0.0257,0.0061,1.3371
424,66.1516,3,0,9.6812,30.9267,0.83,0.0297,0.0168,0.0045,0.6412
425,28.7443,1,0,4.7076,17.2123,0.4989,0.0058,0.0051,0.001,0.2399
426,33.8141,1,0,4.9478,18.422,0.1825,0.0038,0.0061,0.0011,0.1601
427,29.4131,1,0,5.1449,17.4399,0.2358,0.004,0.0058,0.0011,0.188
428,50.2288,1,0,7.5536,27.7783,0.3081,0.005,0.0051,0.0011,0.1518
429,29.7948,1,0,5.728,19.5895,0.4264,0.0079,0.0064,0.0011,0.2877
430,45.7675,2,0,7.717,33.9787,0.5786,0.0348,0.012,0.0031,0.5173
431,31.612,1,0,5.2695,27.3872,0.3452,0.0056,0.007,0.0016,0.1809
432,33.9519,1,0,5.1728,23.8687,0.1908,0.0036,0.0042,0.0011,0.285
433,62.9323,2,0,10.903,44.692,0.4489,0.0167,0.0102,0.0028,0.5028
434,28.9243,1,0,6.3868,22.5953,0.302,0.0057,0.0057,0.0014,0.1818
435,33.1278,1,0,5.2233,21.1198,0.3322,0.0056,0.0052,0.001,0.1575
436,141.1294,7,0,23.0835,81.9158,1.8384,0.0703,0.0381,0.0092,1.5535
437,63.1238,3,0,10.5133,39.3265,1.2046,0.026,0.0158,0.0046,0.6931
438,32.4756,1,0,5.0832,18.6749,0.5767,0.013,0.005,0.0009,0.2083
439,44.9435,1,0,7.1901,33.16,0.3194,0.0057,0.0048,0.0013,0.2067
440,45.9639,1,0,7.4766,28.2138,0.1792,0.0033,0.0045,0.0008,0.351
441,271.574,14,1,42.8682,173.1174,3.1496,0.1882,0.0737,11.2698,2.9838
442,119.5867,7,0,20.1789,64.4444,4.0025,0.0647,0.0402,0.0095,1.8019
443,67.4739,2,1,10.5588,36.1341,0.5692,0.0146,0.0101,11.0666,0.4033
444,30.0551,1,0,5.4136,23.2648,0.3398,0.0058,0.0056,0.0015,0.2328
445,65.5077,3,0,9.9676,37.1628,0.6096,0.0235,0.0176,0.0041,0.6774
446,87.8311,3,0,15.8517,72.0804,0.6213,0.0243,0.0157,0.0038,0.6209
447,99.2085,2,0,15.8957,54.0753,0.5001,0.016,0.0105,0.0035,0.8813
448,41.7902,1,0,7.8008,31.1394,0.54,0.0067,0.0048,0.0011,0.2159
449,32.5393,1,0,4.9431,23.5321,0.3892,0.006,0.0047,0.001,0.1876
450,46.8506,1,0,7.6051,33.4873,0.1862,0.0034,0.0046,0.0009,0.4172
451,124.246,6,0,20.2645,84.2741,1.4034,0.0563,0.0327,0.0079,1.4752
452,33.1781,1,0,4.8893,20.4474,0.226,0.0042,0.0046,0.0014,0.2358
453,62.8314,3,0,10.2978,43.24,0.8015,0.0279,0.0149,0.0037,0.6384
454,92.005,1,0,16.0114,50.0123,0.341,0.0066,0.0073,0.0017,0.2467
455,582.2303,3,0,93.846,333.9146,0.6511,0.0276,0.0147,0.0043,0.6513
456,58.061,1,0,10.3807,36.0817,0.3399,0.0081,0.0063,0.0013,0.2609
457,142.8652,4,0,21.9699,80.9555,0.9339,0.0329,0.019,0.0047,1.0163
458,1603.0767,8,1,258.7129,966.6618,2.2923,0.0884,0.0446,11.0519,1.9228
459,32.3111,1,0,4.8703,16.8608,0.4061,0.0058,0.0052,0.0017,0.2061
460,95.6889,1,0,14.792,50.4256,0.1804,0.0033,0.004,0.0009,0.3996
461,375.284,2,0,60.58,222.2519,0.413,0.0159,0.0101,0.0028,0.3902
462,641.5531,1,0,102.5499,382.753,0.3607,0.0052,0.005,0.0011,0.1985
463,112.0537,2,0,17.9235,57.8071,0.5572,0.0158,0.0104,0.0025,0.4768
464,45.7403,1,0,7.6498,28.2502,0.2102,0.0043,0.0046,0.0012,0.408
465,50.9755,1,0,7.6045,25.5324,0.6563,0.008,0.0051,0.0013,0.1639
466,249.22,2,0,41.0561,152.8698,0.8103,0.0153,0.0102,0.0028,0.5112
467,61.862,3,0,10.5607,41.4759,0.9763,0.0233,0.0154,0.0048,0.8854
468,29.2726,1,0,5.3562,17.7495,0.2065,0.0038,0.005,0.0009,0.3925
469,129.1334,6,0,20.0702,74.12,1.4804,0.0585,0.0341,0.0078,1.4977
470,108.3932,6,1,19.6642,75.7571,1.6178,0.0553,0.0313,11.5992,1.2452
471,108.6873,4,0,18.0748,70.7353,1.3282,0.0338,0.0224,0.007,1.1312
472,77.9955,4,0,12.8309,55.3271,1.1871,0.0378,0.026,0.0067,0.9309
473,45.9306,1,1,7.549,34.6516,0.5627,0.0056,0.0056,11.014,0.1085
474,62.0375,2,0,10.0698,33.1929,0.4404,0.0157,0.0096,0.0027,0.5475
475,316.1669,14,1,57.4498,201.7287,2.836,0.2064,0.0738,11.055,3.637
476,75.6496,1,0,12.8142,52.576,0.4081,0.0077,0.0047,0.0013,0.2498
477,99.56,1,0,15.2212,56.7231,0.1946,0.0036,0.0048,0.0015,0.294
478,1312.5741,9,1,218.0515,863.1509,1.8245,0.0959,0.0476,10.8347,2.2552
479,49.2518,1,0,7.2621,26.289,0.4353,0.0068,0.0054,0.0012,0.2165
480,1396.2702,14,1,228.8113,888.4715,3.6932,0.1543,0.0757,11.3733,3.3563
481,395.5073,18,1,65.8217,273.8417,4.1848,0.1735,0.0949,11.0127,4.813
482,879.0701,1,0,144.9909,591.0978,0.2879,0.0067,0.0056,0.001,0.2045
483,62.1985,3,0,9.9991,49.1539,0.7345,0.0262,0.0159,0.0039,0.6543
484,987.76,61,3,163.8745,672.0122,16.252,0.6861,0.3281,33.9142,15.5063
485,175.2489,7,0,29.3796,118.0343,1.5984,0.0719,0.0362,0.0094,2.27
486,61.5342,3,0,10.2173,49.0081,1.2752,0.0375,0.0238,0.0065,0.9264
487,46.1426,1,0,7.9326,41.9837,0.3632,0.0054,0.0047,0.0011,0.2076
488,82.9471,4,0,13.9358,50.3464,0.8666,0.0334,0.0194,0.0053,1.1736
489,233.6337,10,1,43.0979,174.9423,1.9814,0.1032,0.0532,11.1666,3.2993
490,217.4251,10,1,37.6519,162.0821,2.545,0.0961,0.0524,11.4881,2.0498
491,235.7164,12,1,39.3359,177.0609,3.1894,0.1675,0.0637,11.6359,2.1936
492,892.0479,56,0,147.9267,623.2494,12.3644,0.5859,0.2773,0.0819,13.6845
493,141.0704,8,0,22.2294,94.6864,1.8184,0.0692,0.0416,0.0104,1.9759
494,113.2327,6,0,18.4994,66.0549,1.4708,0.1366,0.0347,0.0083,1.4185
495,107.6224,6,0,17.9985,78.4185,1.4871,0.0564,0.0296,0.0085,1.2933
496,61.8362,2,0,9.8563,32.2152,0.4567,0.0272,0.0092,0.0023,0.4071
497,62.8902,1,0,10.8472,46.2161,0.1958,0.0035,0.0049,0.0011,0.1701
498,266.3776,1,0,43.2318,154.6948,0.5193,0.0065,0.0057,0.0013,0.1959
499,528.9742,2,0,85.8241,304.4425,1.0256,0.0154,0.0107,0.0032,0.5161
500,457.7803,2,0,70.9199,263.1104,0.591,0.0171,0.0096,0.0023,0.499
501,33.3263,1,0,4.4209,14.2679,0.4855,0.0059,0.0038,0.0014,0.275
502,107.9549,1,0,17.5348,67.7904,0.3807,0.0057,0.0046,0.0013,0.2404
503,1066.8062,2,0,170.8742,641.1503,0.7554,0.0158,0.0094,0.0022,0.4956
504,32.5466,1,0,4.8202,14.2646,0.4746,0.0055,0.0056,0.0017,0.2309
505,362.9973,1,0,58.4792,217.0835,0.4155,0.0054,0.0047,0.0011,0.3231
506,2070.7876,3,0,328.951,1289.9768,0.7951,0.0262,0.0155,0.0039,0.6463
507,99.403,1,0,14.8925,55.9262,0.2831,0.0055,0.0046,0.0012,0.1647
508,3046.1937,3,1,550.4847,2342.1906,0.7561,0.0218,0.013,11.1951,0.5048
509,41.5878,2,0,8.3322,30.0943,0.848,0.0736,0.0113,0.0029,0.5935
510,49.6975,1,0,7.906,24.4254,0.6882,0.0069,0.0038,0.0011,0.197
511,49.7158,2,0,8.117,29.7044,0.4583,0.0158,0.0102,0.0027,0.3941
512,28.3943,1,0,4.7168,21.5713,0.5139,0.0059,0.0053,0.0012,0.2055
513,79.7356,4,0,12.2729,53.627,1.2119,0.0411,0.0219,0.0052,0.785
514,33.6178,1,0,5.8391,20.3864,0.3438,0.0072,0.0061,0.0012,0.1442
515,624.0808,13,0,110.9124,477.6384,2.8335,0.1287,0.0648,0.0187,2.9837
516,107.6419,6,0,18.1053,70.877,1.553,0.0621,0.0298,0.0085,1.4769
517,562.8727,35,0,93.4508,359.0715,8.135,0.5513,0.1818,0.0486,10.2949
518,186.9349,8,0,30.151,121.6186,1.7627,0.0913,0.0467,0.0112,2.1488
519,63.3571,1,0,11.1056,43.3354,0.2204,0.0049,0.0049,0.0015,0.3499
520,1715.7167,2,0,275.2909,1066.8758,0.6049,0.0188,0.0122,0.0026,0.4478
521,62.5843,1,0,10.1094,37.4482,0.5707,0.0105,0.0059,0.0011,0.2557
522,33.0416,1,0,4.8811,12.189,0.4733,0.0077,0.0055,0.0015,0.1968
523,58.5007,3,0,10.0709,40.4867,0.8375,0.0255,0.0157,0.0038,0.8955
524,2249.4013,1,0,358.8706,1327.5363,0.1814,0.0039,0.0043,0.0012,0.1695
525,49.8348,2,0,7.8024,32.818,0.3391,0.0133,0.0097,0.0028,0.5523
526,75.1752,3,0,11.9179,44.7959,0.8909,0.0249,0.0153,0.0039,0.5931
527,29.2242,1,0,5.3073,16.3932,0.3043,0.0099,0.0055,0.0012,0.177
528,83.574,1,0,12.5515,63.0424,0.335,0.0063,0.0054,0.0012,0.156
529,61.4813,2,0,10.2079,40.2351,0.527,0.0154,0.0108,0.0026,0.3909
530,45.1251,1,0,7.4383,35.1246,0.5893,0.0067,0.0055,0.0013,0.2443
531,29.8305,1,0,5.0447,21.7311,0.1983,0.0035,0.0048,0.0015,0.4075
532,33.3055,1,0,4.8604,18.3441,0.3055,0.0069,0.0048,0.0011,0.1623
533,79.2096,2,0,13.1009,49.2926,0.4578,0.0136,0.0114,0.0031,0.4012
534,499.2854,2,0,80.0804,303.7996,0.7411,0.0262,0.0107,0.0024,0.3876
535,170.4631,1,0,27.322,114.4703,0.2497,0.0053,0.0048,0.0014,0.2333
536,145.9999,1,0,22.7824,85.2886,0.3834,0.0062,0.0044,0.0011,0.2921
537,153.9387,1,0,24.0062,96.2183,0.5296,0.0355,0.0083,0.0012,0.1608
538,154.6978,1,0,25.7708,95.2726,0.2953,0.0056,0.0051,0.0012,0.3403
539,232.4506,6,0,37.6967,141.9858,1.3187,0.0742,0.0296,0.0082,1.7006
540,492.1561,1,0,75.351,274.0542,0.2528,0.0052,0.0045,0.0011,0.6449
541,28.1864,1,0,4.9814,16.9817,0.7984,0.008,0.0051,0.0012,0.1961
542,33.7338,1,0,4.9738,17.3379,0.1839,0.0032,0.0044,0.0009,0.158
543,1317.0977,1,0,209.5002,772.5125,0.2179,0.004,0.0047,0.0013,0.201
544,441.1573,26,1,70.383,286.6398,5.6109,0.3304,0.1327,11.0832,5.9118
545,266.3711,6,0,42.7698,183.5548,1.2766,0.2545,0.0301,0.008,1.2623
546,29.0544,1,0,5.0042,23.9653,0.3479,0.0056,0.005,0.0013,0.2384
547,62.4778,3,0,10.5344,32.7624,0.7291,0.0259,0.0162,0.0029,0.5695
548,187.8363,10,1,35.7872,122.4537,2.9739,0.1022,0.0532,11.2865,1.9169
549,170.2571,2,0,28.6031,113.1251,0.6379,0.0347,0.011,0.0025,0.6534
550,62.7778,2,0,10.0295,51.014,0.5961,0.016,0.0096,0.0025,0.4884
551,82.6584,4,0,13.0614,52.6905,0.7653,0.0983,0.0248,0.0062,1.0482
552,79.419,3,0,12.6617,51.6922,0.8898,0.0242,0.0138,0.0043,0.7844
553,199.3872,1,0,34.0929,128.8291,0.3856,0.0062,0.0063,0.0014,0.3237
554,45.8843,1,0,7.4889,31.9091,0.2571,0.0053,0.0049,0.0016,0.2317
555,108.4471,6,0,17.118,67.0293,1.4444,0.1136,0.0306,0.0083,1.6322
556,112.3397,1,0,17.348,67.7732,0.5067,0.0063,0.0049,0.0014,0.1766
557,45.717,1,0,7.4799,34.9724,0.432,0.006,0.0049,0.001,0.2525
558,974.1659,1,0,152.0844,554.2726,0.6373,0.01,0.0064,0.0017,0.8182
559,79.7076,1,0,12.6226,45.9226,0.2312,0.0036,0.0045,0.0009,0.1795
560,420.4837,4,0,67.0181,263.7579,0.7872,0.0338,0.0196,0.0053,1.0289
561,33.1361,1,0,4.8414,15.1189,0.1924,0.0036,0.0036,0.001,0.3426
562,45.9874,2,0,7.5391,25.8926,0.5997,0.0139,0.0114,0.0024,0.6551
563,216.7937,2,0,34.9918,159.1063,0.425,0.0165,0.0127,0.0027,0.356
564,349.8155,1,0,55.4583,194.1268,0.3581,0.0056,0.0049,0.0012,0.2379
565,28.4944,1,0,5.0055,21.5311,0.7763,0.0088,0.0058,0.0021,0.2824
566,29.6846,1,0,5.0569,20.7876,0.3141,0.0063,0.0052,0.0015,0.2265
567,690.8492,1,0,109.2607,436.3051,0.4794,0.041,0.0064,0.0014,0.6299
568,375.3012,1,0,61.0691,248.9341,0.2687,0.0052,0.0058,0.0009,0.4242
569,141.038,1,0,22.2859,97.4507,0.2104,0.0048,0.0039,0.0011,0.1138
570,129.066,1,0,19.2195,82.2982,0.1759,0.0033,0.0036,0.0008,0.1546
571,75.6301,1,0,12.6086,47.149,0.1995,0.0036,0.0048,0.0015,0.4485
572,61.5885,3,0,9.6539,42.3325,1.4204,0.0394,0.0171,0.0048,0.7015
573,33.7784,1,0,4.6928,18.5947,0.1875,0.0033,0.0043,0.0009,0.2052
574,62.1246,3,0,9.3144,39.6856,0.6714,0.0252,0.0161,0.0037,0.8827
575,95.3678,2,0,14.9739,59.026,0.8623,0.0147,0.0106,0.0028,0.4713
576,45.6219,2,0,7.2488,30.595,1.2717,0.0147,0.0104,0.0029,0.6333
577,266.5123,1,0,42.6509,163.937,0.4915,0.0066,0.0064,0.0019,0.2782
578,29.9161,1,0,5.4132,24.1133,0.2521,0.0077,0.005,0.0013,0.2764
579,77.9388,1,0,12.2946,46.1892,0.7683,0.0081,0.0056,0.0011,0.2034
580,912.5525,1,0,142.4321,567.5309,0.197,0.0039,0.0044,0.0011,0.408
581,62.4074,3,0,10.0931,49.2715,0.9568,0.0237,0.0142,0.0031,0.8261
582,79.2194,4,0,12.1013,46.0713,1.4921,0.038,0.0203,0.0059,0.9515
583,45.546,1,0,7.5016,21.4302,0.407,0.0064,0.0049,0.0012,0.1733
584,33.1442,1,0,4.9151,27.6392,0.4154,0.0056,0.0046,0.0016,0.1883
585,30.0949,1,0,5.4204,23.3458,0.2923,0.0055,0.004,0.0009,0.2029
586,48.7312,2,0,7.4528,33.7164,1.1792,0.0164,0.0087,0.002,0.2657
587,62.1632,3,0,9.7748,43.2621,1.2813,0.0311,0.0167,0.0037,0.7244
588,49.613,1,0,7.9707,21.7919,0.6965,0.0087,0.006,0.0013,0.2366
589,199.6453,3,0,32.9367,117.9308,1.1556,0.0266,0.0157,0.0041,0.6846
590,82.9347,3,0,12.1362,40.4284,0.8755,0.0255,0.0151,0.004,0.6631
591,63.084,2,0,9.823,40.6304,0.9367,0.0155,0.0097,0.0025,0.5695
592,124.3374,3,0,20.122,76.268,0.8701,0.0239,0.0191,0.0041,0.5065
593,499.1997,1,0,79.0936,317.7481,0.6157,0.0309,0.0066,0.0011,0.148
594,534.1029,1,0,84.9672,326.5959,0.2645,0.0042,0.0056,0.0012,0.3729
595,61.8274,1,0,10.9717,40.2407,0.3609,0.0088,0.0057,0.0011,0.1789
596,33.6977,1,0,5.0668,21.35,0.3519,0.0059,0.0046,0.0013,0.1763
597,486.4299,1,0,75.5144,298.937,0.2561,0.0064,0.0042,0.0016,0.2654
598,29.684,1,0,5.0803,23.335,0.19,0.0032,0.0044,0.0009,0.4333
599,179.2337,1,0,27.0794,100.4124,0.5019,0.0054,0.0048,0.0014,0.2194
600,263.6543,1,0,44.6921,190.0723,0.427,0.0077,0.0059,0.0013,0.1856
601,60.9363,3,0,10.2759,46.808,0.5103,0.0201,0.0141,0.0037,1.067
602,32.3951,1,0,4.8426,15.3065,0.1843,0.0037,0.0042,0.0012,0.3827
603,33.7949,1,0,4.9927,17.2082,0.1833,0.0034,0.0043,0.0009,0.1612
604,92.1212,2,0,14.7857,55.6345,0.5818,0.0133,0.0094,0.0021,0.3763
605,95.0434,5,0,15.5588,58.753,1.8559,0.0438,0.0269,0.0065,0.9709
606,33.1977,1,0,5.0574,22.7256,0.1828,0.0034,0.0038,0.001,0.5048
607,108.8011,4,0,17.729,71.4124,1.0579,0.0306,0.02,0.0053,0.9966
608,112.1067,3,0,17.7546,75.5468,0.7318,0.044,0.0145,0.0033,0.5088
609,833.8616,1,0,136.4454,532.4489,0.3766,0.006,0.0048,0.0012,0.155
610,44.8351,2,0,7.6922,29.9837,0.9234,0.0166,0.011,0.0026,0.4931
611,30.5688,1,0,5.3539,15.2504,0.3559,0.0055,0.0048,0.0011,0.2038
612,31.3705,1,0,4.867,25.9403,0.8813,0.0063,0.0049,0.0015,0.189
613,191.6996,11,0,31.6318,127.467,2.6671,0.1001,0.0614,0.0158,3.0862
614,300.367,13,1,51.916,196.8237,3.2341,0.1269,0.067,11.0664,2.904
615,62.1654,3,0,10.4803,47.943,1.086,0.0327,0.0167,0.0038,0.9106
616,312.3519,5,1,58.2982,229.6041,1.1134,0.0454,0.0265,11.1235,0.9033
617,66.9167,1,0,10.3315,28.236,0.2911,0.0595,0.0046,0.0017,0.2405
618,91.0025,5,0,15.4475,69.2709,1.2173,0.0613,0.0251,0.0061,1.6873
619,975.2195,8,0,165.5022,627.1805,1.6271,0.0831,0.044,0.0119,2.7955
620,199.676,6,0,33.0582,126.6938,1.0768,0.0485,0.0307,0.0071,1.5334
621,28.9906,1,0,5.1933,22.1576,0.2644,0.0045,0.0044,0.0009,0.383
622,62.6077,3,0,9.7233,36.1137,1.1139,0.0246,0.0146,0.0035,1.1998
623,78.4827,1,0,12.5106,43.8344,0.609,0.0071,0.0078,0.0019,0.2074
624,237.3645,1,0,37.5295,151.2083,0.191,0.0033,0.0041,0.0011,0.3366
625,62.2578,1,0,9.9587,33.2321,0.5863,0.0251,0.0047,0.0012,0.2166
626,95.7046,1,0,15.8022,58.8672,0.4813,0.006,0.0046,0.0008,0.228
627,657.6887,3,0,110.6179,424.3815,1.0102,0.027,0.0164,0.0041,0.6894
628,533.3526,4,0,83.8197,327.3082,1.0507,0.0354,0.0213,0.0051,0.7791
629,33.3121,1,0,4.774,20.5679,0.5159,0.006,0.0044,0.0011,0.1317
630,50.0441,1,0,7.4273,23.4181,0.4868,0.0061,0.0047,0.0012,0.2372
631,25.1664,1,0,5.1355,21.3694,0.5105,0.0058,0.0051,0.0012,0.2577
632,553.5962,1,0,87.4015,338.0377,0.2692,0.0055,0.0059,0.0014,0.1892
633,33.763,1,0,4.8028,21.5664,0.4803,0.0061,0.0059,0.0017,0.2555
634,812.2152,1,0,133.6706,549.7962,0.4621,0.0077,0.005,0.0012,0.1813
635,316.9616,1,0,52.1388,193.3233,0.427,0.0098,0.0046,0.0014,0.2082
636,157.5921,1,0,24.2761,96.0558,0.6762,0.0064,0.0045,0.001,0.1368
637,249.5675,2,0,41.2727,152.0001,0.5469,0.0161,0.0095,0.0023,0.4231
638,221.4657,4,0,35.0636,145.4523,0.8417,0.037,0.0205,0.0052,0.9916
639,287.0949,1,0,47.8124,195.0088,0.4019,0.0055,0.0047,0.0015,0.2808
640,41.5908,1,0,7.5159,33.4141,0.5124,0.0067,0.0077,0.0017,0.3028
641,78.9499,1,0,12.8087,49.7545,0.3754,0.0042,0.0038,0.0008,0.197
642,79.8959,3,0,13.6846,47.111,0.7247,0.0255,0.0145,0.005,0.6296
643,265.1782,1,0,44.8268,161.4643,0.4556,0.006,0.0046,0.0012,0.2399
644,63.2029,3,0,10.3033,30.8975,0.4937,0.0247,0.0144,0.0032,0.8993
645,433.7871,3,0,68.1319,259.2337,1.1694,0.0302,0.0165,0.0042,0.658
646,928.3862,58,4,167.2003,599.6443,18.8552,0.6449,0.347,45.629,13.4754
647,83.4894,2,0,12.3255,48.3362,0.5227,0.0158,0.01,0.0029,0.3024
648,59.9152,2,0,11.4712,44.678,0.8404,0.0198,0.0115,0.003,0.4143
649,31.2663,1,0,4.974,19.9356,0.5045,0.0248,0.0053,0.0013,0.1229
650,32.8196,1,0,4.7461,18.202,0.3726,0.0061,0.0061,0.0012,0.2339
651,687.2757,43,3,111.9003,440.0367,8.8377,0.4355,0.2394,33.7588,10.7485
652,46.365,2,0,7.5408,33.4803,0.5676,0.014,0.0094,0.0023,0.8856
653,111.8566,4,0,17.6941,84.3953,1.1467,0.033,0.0225,0.005,1.0235
654,45.807,2,0,7.9421,30.8223,0.4663,0.012,0.011,0.0028,0.4658
655,29.4655,1,0,5.421,23.2039,0.2394,0.0037,0.0046,0.0012,0.4121
656,62.4241,3,0,10.3068,36.6942,0.8384,0.0297,0.0176,0.0046,0.7817
657,32.8562,1,0,5.0234,18.0041,0.3093,0.0055,0.0061,0.0015,0.2341
658,1943.2128,122,7,318.9903,1212.85,29.2977,1.4755,0.6481,78.9826,23.7443
659,1456.8501,92,6,235.4302,946.7057,19.1159,1.0188,0.473,67.2778,18.0655
660,32.988,1,0,4.8309,18.3742,0.3013,0.0054,0.0049,0.0011,0.129
661,74.7485,4,0,12.1191,50.9158,0.7557,0.0347,0.0222,0.0061,0.88
662,33.3753,1,0,4.9343,22.5191,0.4343,0.0056,0.0055,0.0011,0.1607
663,361.9781,22,1,59.5702,235.0967,5.3986,0.2538,0.119,11.0303,5.8265
664,45.7412,1,0,7.663,34.6129,0.2653,0.006,0.0055,0.0011,0.3599
665,29.3786,1,0,5.9878,22.3178,0.2272,0.0052,0.0053,0.0012,0.4571
666,32.7609,1,0,4.5341,18.5559,0.3588,0.0051,0.005,0.0012,0.1594
667,29.7089,1,0,4.9613,21.8987,0.1992,0.0047,0.0067,0.0017,0.5611
668,33.3326,1,0,4.8065,19.4393,0.342,0.0055,0.0047,0.0013,0.1123
669,264.9904,5,0,46.7939,185.0769,1.0326,0.0488,0.0267,0.0069,1.1959
670,93.6229,4,1,14.6046,50.2081,1.0852,0.0371,0.021,11.1231,0.7473
671,95.0139,4,0,14.9728,58.0861,0.8676,0.0355,0.0198,0.0048,0.8694
672,47.2936,1,0,8.6636,36.5763,0.2829,0.0043,0.0043,0.0016,0.1187
673,32.7377,1,0,5.7275,24.3798,0.3453,0.0062,0.0058,0.0011,0.1672
674,44.0469,2,0,7.7519,34.6459,0.7957,0.0352,0.0106,0.0024,1.009
675,33.0911,1,0,4.7529,23.8688,0.1904,0.004,0.0079,0.0014,0.4606
676,80.1659,4,0,11.9471,56.6974,1.6447,0.0319,0.0183,0.0047,1.2301
677,28.3548,1,0,5.4476,24.8066,0.6956,0.0213,0.007,0.0017,0.2156
678,94.9457,5,0,15.9269,63.0828,1.2453,0.0453,0.025,0.0066,1.397
679,342.0727,21,1,55.6945,199.6093,4.9781,0.2158,0.1105,11.3031,5.0597
680,33.2928,1,0,4.8573,24.2806,0.5608,0.0045,0.0049,0.0014,0.168
681,45.1219,1,0,7.3658,35.241,0.489,0.0077,0.0062,0.0018,0.1585
682,33.7083,1,0,4.7818,18.1472,0.1815,0.0033,0.0041,0.0011,0.2434
683,33.6936,1,0,5.3036,17.8814,0.3915,0.0079,0.0052,0.0012,0.1609
684,75.346,3,0,12.6848,46.6644,0.5217,0.0403,0.0152,0.0032,0.5953
685,32.3102,1,0,5.0709,20.1272,0.6067,0.0102,0.006,0.0013,0.2009
686,112.3809,5,0,17.5127,71.0151,1.4458,0.0473,0.0244,0.0063,1.2877
687,41.7879,2,0,8.1834,25.3448,0.5332,0.0187,0.0111,0.0025,0.4614
688,47.5087,1,0,8.2781,37.7941,0.3203,0.0056,0.0058,0.0012,0.2226
689,97.8233,4,0,15.5845,57.1283,0.8935,0.0714,0.0224,0.0056,0.8797
690,166.8817,4,1,28.7101,103.4892,0.7957,0.035,0.0199,11.0144,0.8143
691,129.3931,1,0,21.5916,75.0563,0.4409,0.0063,0.0057,0.0021,0.2531
692,28.2828,1,0,5.2606,18.1851,0.3207,0.0068,0.0056,0.0013,0.2345
693,79.7281,2,0,13.0154,58.3803,0.6354,0.0152,0.0112,0.0024,0.6609
694,78.9167,4,0,13.0514,54.6805,1.9389,0.0412,0.0206,0.0055,0.8898
695,28.1373,1,0,4.9355,20.131,0.3165,0.0058,0.0054,0.0013,0.3312
696,79.1706,3,0,12.7156,54.3616,0.7457,0.0289,0.0151,0.0036,0.7841
697,358.6311,20,2,62.2011,237.7434,5.3174,0.3339,0.1054,22.5921,4.6455
698,45.6353,2,0,7.8799,28.2188,0.6308,0.0291,0.0108,0.0043,0.4337
699,96.3226,1,0,15.154,55.627,0.1794,0.0032,0.0046,0.0012,0.2513
700,33.0069,1,0,4.8201,20.3644,0.4503,0.0056,0.0048,0.001,0.2455
701,200.0509,10,1,33.1427,128.8573,2.3073,0.0957,0.0515,11.3939,2.2531
702,582.7689,36,2,96.6826,341.5399,8.7482,0.394,0.1903,22.474,6.1378
703,61.7753,3,0,9.9024,43.7787,0.6846,0.0258,0.0168,0.0043,0.5817
704,29.472,1,0,5.0717,24.376,0.1964,0.0044,0.0045,0.0009,0.3117
705,29.6958,1,0,5.2269,19.0942,0.3007,0.0056,0.0048,0.0015,0.233
706,49.2128,1,0,7.1326,32.9866,0.3621,0.0058,0.0058,0.0011,0.1908
707,62.2724,3,0,10.1895,42.7494,0.4651,0.0237,0.0146,0.0029,0.8525
708,34.0955,1,0,4.9831,21.493,0.2529,0.0076,0.009,0.0021,0.3328
709,1061.8593,4,0,174.1213,697.907,0.8293,0.0372,0.0189,0.005,1.105
710,32.8553,1,0,4.8186,17.5353,0.3194,0.0056,0.0046,0.0016,0.1751
711,29.3685,1,0,5.1678,21.3812,0.4497,0.0059,0.0049,0.0012,0.3274
712,45.4492,1,0,7.2785,35.0218,0.2951,0.0058,0.0049,0.0014,0.2025
713,62.3169,2,0,10.0487,45.4297,0.5411,0.0163,0.01,0.0028,0.471
714,49.887,1,0,7.7043,26.5677,0.4348,0.0065,0.005,0.0013,0.1941
715,107.8991,6,0,16.97,83.5597,1.5659,0.0523,0.0306,0.0087,1.5635
716,29.9211,1,1,5.3864,16.173,0.1802,0.0043,0.0053,11.2251,0.1527
717,45.4853,2,0,7.4276,29.3527,0.5669,0.0137,0.0099,0.0024,0.6238
718,50.157,1,0,7.4299,30.6494,0.3115,0.0054,0.0046,0.0011,0.1967
719,44.8872,1,0,7.4948,25.9904,0.4662,0.006,0.0046,0.0015,0.208
720,46.0914,2,0,7.2183,29.0226,0.5325,0.0194,0.0094,0.002,0.6999
721,62.3046,3,0,10.5356,34.7165,0.9639,0.0254,0.0156,0.0039,0.7296
722,100.1666,4,0,15.5043,55.5303,0.6253,0.0352,0.0187,0.0059,0.9995
723,74.9423,1,0,13.4269,57.3028,0.2784,0.0072,0.007,0.0014,0.2554
724,32.8824,1,0,4.865,18.8521,0.3191,0.0046,0.004,0.0008,0.1907
725,46.0623,2,0,7.197,25.7184,0.6447,0.0193,0.0112,0.0022,0.5738
726,845.614,4,0,142.1339,571.2724,0.8738,0.0488,0.0227,0.0059,1.2086
727,124.4967,2,0,20.3979,85.9057,0.7213,0.021,0.0114,0.003,0.3087
728,29.5242,1,0,5.3111,20.6744,0.541,0.0074,0.0044,0.0013,0.1689
729,78.708,2,0,12.5928,51.25,0.437,0.0166,0.01,0.0026,0.4246
730,62.4468,3,0,10.2135,48.6263,0.9901,0.0224,0.0151,0.0044,0.6083
731,44.897,1,0,7.5334,35.4472,0.4892,0.006,0.006,0.0011,0.2479
732,62.579,3,0,9.8833,41.2395,0.4618,0.0235,0.0139,0.004,0.9291
733,146.4798,8,1,23.5343,92.9428,1.3056,0.0797,0.0427,11.1768,2.421
734,120.9052,5,0,19.3509,80.0604,0.99,0.0504,0.0257,0.0076,1.0442
735,124.6232,7,1,19.6759,77.3116,1.1472,0.0653,0.037,11.1023,2.1336
736,145.7218,8,0,23.0102,94.4201,1.8437,0.0663,0.0377,0.0131,2.9642
737,124.4188,7,1,20.3968,72.9273,1.6487,0.0662,0.0389,11.012,1.655
738,74.8148,4,0,13.021,54.1184,1.2981,0.0426,0.0199,0.0074,1.2085
739,143.3502,8,1,25.0182,89.4272,2.6306,0.0793,0.0437,11.117,1.4161
740,327.2251,2,0,54.0547,220.909,0.7909,0.0287,0.0117,0.0039,0.399
741,63.4687,2,1,10.394,40.7547,0.3198,0.0114,0.0104,11.4311,0.2765
742,66.1315,3,0,9.8449,35.3754,1.3072,0.0267,0.0159,0.0051,0.4976
743,420.5325,25,1,79.708,265.789,5.3313,0.4354,0.1309,11.0941,5.5315
744,124.3885,6,1,20.8032,70.485,1.5985,0.06,0.0337,11.2633,1.4789
745,329.7716,20,0,55.8443,242.9116,4.1692,0.2578,0.1099,0.0269,5.2399
746,49.9422,2,0,8.0968,32.7261,0.8378,0.0666,0.0104,0.0031,0.4288
747,578.5214,4,0,98.2048,388.5273,0.7397,0.0381,0.0222,0.0052,0.9915
748,62.3419,3,0,9.8753,43.6295,0.4037,0.021,0.0134,0.0029,0.9421
749,29.964,1,0,5.3923,23.618,0.1947,0.0035,0.004,0.001,0.2212
750,624.8755,37,1,104.4341,417.0572,9.1487,0.4101,0.1927,11.4563,8.526
751,95.3663,5,0,15.1494,53.2468,1.1556,0.1347,0.0268,0.0072,1.1277
752,61.8468,3,0,10.1519,29.9944,0.9335,0.0293,0.0145,0.0034,0.8839
753,120.9179,6,0,20.5247,61.4861,1.7751,0.0546,0.0313,0.0088,1.4324
754,4629.5072,3,0,1557.948,5243.4813,1.6265,0.0405,0.0178,0.0039,1.2354
755,158.2664,9,0,25.6188,97.0474,2.7262,0.0821,0.0472,0.0128,1.5464
756,62.4435,3,0,10.0065,36.5123,0.6871,0.0252,0.0168,0.0038,0.7379
757,29.5431,1,0,5.1627,21.8401,0.3043,0.0048,0.0041,0.001,0.1849
758,94.9395,1,0,15.4403,61.1822,0.519,0.007,0.0054,0.0013,0.1964
759,186.7286,1,0,29.3221,114.6639,0.4132,0.0077,0.0048,0.0009,0.1506
760,66.7181,3,0,9.8187,41.9116,0.8886,0.0247,0.0161,0.004,0.7205
761,29.1226,1,0,5.0387,16.402,0.2987,0.0057,0.0052,0.0023,0.2269
762,33.3356,1,0,4.9167,17.6327,0.3895,0.0057,0.0055,0.0011,0.132
763,453.7446,1,0,72.1029,269.464,0.5321,0.0062,0.0057,0.0018,0.349
764,78.9494,1,0,12.2895,39.9156,0.4192,0.0079,0.0046,0.001,0.2279
765,28.7209,1,0,5.0526,16.5492,0.4417,0.0058,0.0048,0.0013,0.2391
766,79.8717,1,0,11.9652,47.0203,0.1799,0.0033,0.0042,0.0011,0.1702
767,46.1639,1,0,7.4719,35.843,0.7145,0.0057,0.0054,0.001,0.3965
768,49.5518,1,0,7.8164,26.5189,0.4463,0.1643,0.0105,0.002,0.4781
769,296.4344,1,0,48.6968,178.5252,0.3316,0.0072,0.006,0.0011,0.2106
770,615.4154,1,0,100.3491,383.0737,0.3346,0.0071,0.0047,0.0011,0.2003
771,233.4894,1,0,37.587,148.2707,0.5,0.0091,0.0051,0.0024,0.2359
772,91.4223,2,0,14.9603,55.3575,0.5546,0.0614,0.0098,0.0024,0.4805
773,108.081,1,0,16.9628,62.4605,0.497,0.0063,0.0048,0.0013,0.2164
774,33.7574,1,0,4.9154,18.2217,0.541,0.0053,0.0043,0.0011,0.2196
775,124.5445,1,0,20.891,78.5529,0.3189,0.0059,0.0079,0.0019,0.2736
776,158.4822,5,0,25.567,97.9674,1.3529,0.0575,0.0294,0.0072,1.2934
777,76.735,4,0,12.5913,51.5514,0.9124,0.0358,0.0192,0.0055,0.6249
778,31.463,1,0,4.8929,15.8297,0.9683,0.0136,0.0085,0.001,0.305
779,129.1952,1,0,19.2401,68.8168,0.316,0.0071,0.0053,0.0009,0.1543
780,104.3115,4,0,17.9982,79.5508,1.3285,0.0375,0.0222,0.0056,0.8845
781,32.8644,1,0,4.8029,14.3484,0.1952,0.0044,0.0052,0.0012,0.2304
782,29.3432,1,0,5.5986,14.1448,0.3329,0.0075,0.0057,0.0011,0.2203
783,112.0035,3,0,17.3639,60.5417,0.8535,0.0239,0.0153,0.0037,0.7884
784,316.6396,1,0,49.7544,183.5329,0.6949,0.0072,0.0052,0.0015,0.2217
785,45.022,1,0,7.5416,31.4263,0.3934,0.0053,0.0051,0.0013,0.2115
786,29.1551,1,0,4.934,16.6692,0.1781,0.0034,0.0042,0.0008,0.2828
787,79.0788,1,0,12.8857,42.2952,0.4083,0.0057,0.0046,0.0013,0.1919
788,66.7465,3,0,9.9067,41.177,1.0805,0.0286,0.0157,0.0038,0.8233
789,46.0932,1,0,8.9922,37.8713,0.2924,0.0047,0.0052,0.0013,0.3424
790,28.8298,1,0,5.3583,25.306,0.5989,0.008,0.0054,0.0012,0.216
791,66.0323,1,0,10.3078,32.8482,0.4271,0.0058,0.0053,0.001,0.1443
792,91.4058,1,0,14.885,52.3583,0.2424,0.0079,0.0059,0.0011,0.3964
793,1558.7606,1,0,249.3875,919.7736,0.1828,0.0035,0.0044,0.001,0.2269
794,29.1222,1,0,4.8257,20.9097,0.5664,0.006,0.0048,0.0012,0.1062
795,29.037,1,0,4.9239,23.102,0.5001,0.0099,0.006,0.0013,0.2189
796,33.5643,1,0,4.6838,22.2425,0.307,0.0057,0.0054,0.001,0.1445
797,62.2623,3,0,9.5295,40.6048,0.6266,0.023,0.0152,0.0041,0.7017
798,29.0957,1,0,4.9291,17.4635,0.26,0.0064,0.0048,0.0013,0.1975
799,191.2789,11,1,32.0522,111.6206,2.6733,0.1855,0.0595,11.377,3.3922
800,91.8138,2,0,15.3263,54.0624,0.6096,0.0157,0.0097,0.0023,0.732
801,63.0219,3,0,10.6869,39.8246,0.6622,0.0281,0.0159,0.0037,0.8527
802,32.964,1,0,5.225,25.8946,0.5928,0.0093,0.0047,0.001,0.1957
803,33.8361,1,0,4.8319,19.4539,0.2744,0.0046,0.0051,0.0011,0.2042
804,73.3971,4,0,12.7931,51.0075,1.3644,0.0368,0.0224,0.006,1.0476
805,33.3541,1,0,4.9262,22.104,0.2367,0.0047,0.0046,0.0016,0.2786
806,295.5883,8,1,49.2524,192.1861,1.7739,0.1164,0.0404,11.6403,2.5026
807,220.9446,9,1,36.2261,136.9241,2.4154,0.093,0.0531,11.1533,2.0332
808,33.4824,1,0,5.042,22.5565,0.4917,0.007,0.0049,0.0017,0.2429
809,124.0248,6,1,20.5922,77.5791,1.2889,0.0567,0.0337,11.7495,1.4045
810,254.5013,1,0,40.1786,150.4801,0.2012,0.0036,0.0046,0.001,0.2599
811,562.4754,1,0,90.371,334.2494,0.3434,0.0098,0.0059,0.0011,0.3736
812,33.3593,1,0,4.8329,19.6988,0.2839,0.0077,0.0053,0.0011,0.2418
813,355.3561,1,0,58.4964,226.9066,0.6625,0.008,0.0049,0.0015,0.1939
814,81.2299,4,0,12.5177,40.6751,1.1155,0.0366,0.019,0.0055,0.8036
815,29.8481,1,0,5.0552,22.4335,0.1899,0.0035,0.0047,0.0008,0.3461
816,79.2774,4,0,13.4782,46.0688,0.8668,0.0363,0.0219,0.006,0.9325
817,345.9068,21,1,57.1002,215.5554,4.2374,0.2717,0.1102,11.3282,4.9758
818,266.0291,16,1,43.8367,171.2691,4.4806,0.2439,0.0855,11.2412,3.4053
819,78.7865,4,0,13.455,49.4532,0.8373,0.0373,0.0222,0.0051,0.8751
820,28.7203,1,0,5.0035,18.4566,0.3523,0.0064,0.0051,0.0014,0.2625
821,379.3758,21,1,59.7627,241.0667,3.8425,0.5334,0.1178,11.1695,5.21
822,91.9049,5,0,15.6646,61.1963,0.9282,0.0419,0.0241,0.0061,1.2302
823,254.9487,12,1,43.8929,154.2812,2.8103,0.1217,0.0615,11.208,2.7475
824,78.4262,1,0,12.9191,58.1638,0.8512,0.0097,0.0064,0.0015,0.2144
825,624.3309,1,0,101.7973,414.779,0.2447,0.0045,0.0056,0.001,0.2353
826,62.177,3,0,10.9712,40.4672,1.3747,0.0301,0.0154,0.0038,0.726
827,192.1431,7,0,35.6373,100.8509,1.9316,0.0611,0.0357,0.0089,1.3913
828,722.3366,45,1,132.2807,509.4063,18.1445,0.5796,0.2702,11.1311,13.7069
829,64.9985,3,1,10.2509,40.8899,1.149,0.0271,0.015,11.1187,0.5153
830,45.7106,1,0,7.8469,36.1529,0.352,0.1809,0.0061,0.0013,0.2515
831,92.2497,3,0,15.3337,73.0554,0.6191,0.0254,0.0179,0.005,0.7294
832,33.0275,1,0,5.2249,25.072,0.8674,0.0072,0.0046,0.0013,0.2101
833,82.565,3,1,13.0673,56.1254,0.5971,0.0249,0.0166,11.0448,0.8156
834,199.752,1,0,45.3216,140.5734,0.29,0.0065,0.0067,0.0028,0.2016
835,91.0714,3,0,16.0891,75.6889,0.8047,0.0284,0.0159,0.004,0.7104
836,412.8844,1,0,71.4126,300.8979,0.4335,0.0059,0.0047,0.0014,0.2496
837,62.1303,1,0,10.1511,41.0312,0.5203,0.0061,0.0053,0.0011,0.2283
838,28.537,1,0,4.928,23.0174,0.2981,0.0053,0.0048,0.0013,0.2306
839,142.7622,2,0,24.0013,115.8409,0.6349,0.0127,0.0101,0.0029,0.5267
840,62.4913,3,0,11.9378,52.3401,2.0915,0.0371,0.0223,0.0053,0.5937
841,28.0834,1,0,5.2768,25.6567,0.3472,0.0079,0.009,0.0027,0.3403
842,79.8702,4,0,13.0806,55.4757,1.0202,0.0364,0.0236,0.0058,1.0399
843,28.7871,1,0,5.4569,24.2026,0.3901,0.0125,0.0116,0.0018,0.2437
844,66.5965,3,0,10.2532,46.8276,0.7059,0.0275,0.0167,0.004,0.8279
845,49.4624,2,0,7.7604,29.0562,0.4669,0.0157,0.0105,0.0032,0.475
846,150.8339,8,1,26.6582,97.3992,1.9006,0.0755,0.0427,11.1157,1.6834
847,173.7474,9,0,28.0886,127.0179,2.5409,0.087,0.0477,0.0175,2.3233
848,75.7199,4,0,13.4674,49.8268,0.9608,0.0404,0.0206,0.006,0.8882
849,31.9566,1,0,4.815,23.5124,0.3027,0.0074,0.0051,0.0013,0.2419
850,62.6122,3,0,10.195,43.4954,0.5205,0.0312,0.0149,0.0035,0.7067
851,33.7608,1,0,5.0603,23.4315,0.4891,0.0152,0.0066,0.0012,0.34
852,76.2577,3,0,13.6374,49.3429,1.2423,0.0268,0.0178,0.004,0.7403
853,173.4194,10,1,28.7938,120.3375,2.7618,0.0967,0.0516,11.1354,2.0946
854,30.2809,1,0,5.7047,21.1548,0.2795,0.006,0.0044,0.0011,0.2301
855,32.5043,1,0,5.1089,19.3818,0.2385,0.005,0.0054,0.0015,0.2432
856,45.3583,2,0,7.8589,34.2336,0.7143,0.0183,0.0102,0.0032,0.4382
857,33.7253,1,0,4.9233,20.5689,0.2946,0.0056,0.0054,0.0015,0.2102
858,720.1777,22,1,119.152,474.5169,6.7789,0.3118,0.1218,11.4296,5.2963
859,75.7469,4,1,13.053,51.6455,1.6412,0.0359,0.0215,10.9082,1.1632
860,95.0103,1,0,15.6237,65.7956,0.2732,0.0059,0.0043,0.0013,0.2299
861,63.2091,3,0,10.0964,40.3406,1.0765,0.0257,0.0162,0.0042,0.6214
862,32.4005,1,0,4.9356,21.9838,0.5169,0.0116,0.0066,0.0022,0.3966
863,406.1791,25,1,67.1279,301.3085,6.2061,0.2583,0.1284,11.2192,5.8309
864,30.6572,1,0,5.0609,22.6685,0.5552,0.0062,0.0047,0.0012,0.204
865,33.4236,1,0,4.8979,19.1041,0.2596,0.0051,0.0046,0.0017,0.2052
866,854.0457,51,3,147.5081,561.1224,15.5986,0.6102,0.2729,33.7161,11.9464
867,132.8513,2,0,21.4451,99.816,0.4803,0.0147,0.0095,0.0031,0.4191
868,82.6391,3,0,16.6536,78.8018,2.5425,0.0306,0.0169,0.0037,0.5235
869,66.9359,2,0,10.2606,40.6019,0.5367,0.0153,0.0097,0.0024,0.5563
870,221.2281,2,0,38.0179,162.7123,0.7295,0.0222,0.0127,0.0029,0.5364
871,57.4694,3,0,10.7004,35.5947,0.5671,0.0261,0.0165,0.0043,0.7203
872,46.884,1,0,7.7734,35.6933,0.454,0.0054,0.0042,0.0014,0.2273
873,78.4894,4,0,12.5271,53.1806,1.1207,0.0358,0.0204,0.0057,0.8695
874,67.842,1,1,10.5365,34.2469,0.3561,0.0055,0.0045,11.1687,0.1161
875,136.6218,2,0,23.6169,106.5288,0.5377,0.0367,0.0119,0.0026,0.5501
876,48.8544,2,0,7.5201,30.1966,0.4752,0.0179,0.0104,0.0025,0.4033
877,63.554,3,0,10.1494,47.0382,1.5702,0.0264,0.0164,0.0042,0.9633
878,30.6946,1,0,5.8745,25.2444,0.9804,0.0127,0.0059,0.0012,0.213
879,44.3289,1,0,8.1441,37.5004,0.7842,0.0072,0.0058,0.0014,0.3783
880,77.0829,3,0,13.0414,54.3795,0.9725,0.1819,0.0184,0.0047,0.6431
881,38.024,1,0,5.3431,21.3721,0.1736,0.0033,0.004,0.0009,0.2566
882,45.9619,2,0,8.3054,32.016,0.4154,0.0174,0.0119,0.0019,0.4584
883,42.7176,2,0,8.6161,27.3012,0.5299,0.0168,0.0107,0.0025,0.4016
884,35.8141,1,0,5.7543,18.0818,0.7105,0.0071,0.0055,0.0016,0.2071
885,74.2187,1,0,12.8703,56.1008,0.3313,0.0178,0.0053,0.0013,0.2328
886,45.4909,1,0,7.6779,34.1534,0.4469,0.0083,0.0047,0.0011,0.2489
887,63.3761,1,0,10.4452,34.6406,0.4707,0.0059,0.0054,0.0012,0.2848
888,145.1472,3,0,23.0141,109.5361,0.5659,0.0292,0.0174,0.0045,0.7777
889,29.446,1,0,5.0801,23.0693,0.3221,0.0057,0.0052,0.0012,0.2055
890,67.4275,2,0,11.2115,47.3599,0.7507,0.0218,0.0124,0.003,0.4997
891,45.5564,1,0,9.015,41.6684,0.5538,0.0757,0.007,0.0013,0.5528
892,153.3807,1,0,29.4848,111.0611,0.4357,0.2838,0.0067,0.0014,0.8528
893,82.7359,1,0,13.8203,58.6826,0.5343,0.006,0.0059,0.0012,0.1504
894,74.9566,2,0,15.8689,58.8021,0.7116,0.0167,0.0102,0.0026,0.5066
895,45.8302,2,0,7.9166,39.3718,1.3131,0.0363,0.0136,0.0037,0.5015
896,33.2485,1,0,5.0324,24.8332,0.3247,0.0088,0.0049,0.0013,0.1793
897,62.6208,1,0,10.2946,49.5743,0.2536,0.0046,0.0041,0.0009,0.1791
898,46.0125,2,0,8.6833,39.2687,0.6042,0.3749,0.0151,0.0045,0.53
899,49.2958,1,0,7.8295,39.2428,0.4521,0.0079,0.0047,0.001,0.21
900,45.39,2,0,7.6158,35.1061,1.2074,0.0204,0.0105,0.0034,0.4404
901,45.7607,1,0,7.8049,27.9067,0.4233,0.009,0.0043,0.001,0.2721
902,33.166,1,0,4.953,24.6799,0.3643,0.0064,0.0049,0.001,0.2529
903,30.2714,1,0,5.4602,24.6482,0.2461,0.0064,0.0048,0.001,0.2856
904,33.342,1,0,4.9591,20.3451,0.3752,0.0103,0.0069,0.0016,0.2038
905,29.3029,1,0,5.6237,25.2046,0.9766,0.0091,0.0066,0.0015,0.2454
906,60.7823,1,0,10.2254,41.9,0.738,0.01,0.0053,0.0012,0.19
907,81.8463,4,0,12.877,62.318,0.9787,0.0326,0.0227,0.0049,0.9617
908,59.9566,1,0,10.2254,38.6457,0.8351,0.0096,0.0061,0.0011,0.2165
909,62.7029,3,0,10.2969,41.1325,0.6607,0.0244,0.0153,0.0042,0.6417
910,78.1065,1,0,12.3419,60.2266,0.5272,0.0056,0.0048,0.0013,0.2032
911,67.2822,3,0,10.5589,48.7489,0.8249,0.0241,0.0158,0.004,0.6689
912,28.8159,1,0,6.2955,24.8327,0.3738,0.0101,0.008,0.0024,0.2595
913,29.9717,1,0,5.386,24.5711,0.2402,0.0042,0.0055,0.0018,0.2835
914,32.0232,1,0,4.8128,19.9996,0.2155,0.004,0.0047,0.0012,0.2475
915,79.1327,3,0,12.7785,58.3041,1.2569,0.0235,0.0138,0.0035,0.7592
916,28.7628,1,0,5.2789,19.5032,0.308,0.0057,0.0058,0.0018,0.2406
917,51.6256,2,0,7.0908,38.3446,0.7252,0.0146,0.0084,0.0023,0.3906
918,73.1628,1,0,13.5246,58.8571,0.8539,0.0648,0.006,0.0016,0.3444
919,658.4939,1,0,108.9682,429.9028,0.1956,0.0037,0.0045,0.0009,0.3793
920,46.1219,2,0,7.6218,34.2734,0.669,0.0139,0.0092,0.0021,0.3566
921,32.6639,1,0,4.7172,17.6975,0.4505,0.008,0.0052,0.0013,0.1655
922,29.5066,1,0,5.5101,25.0148,0.455,0.0073,0.0053,0.0013,0.2244
923,175.2269,7,0,30.3103,109.4381,2.0178,0.0641,0.0354,0.0089,1.1794
924,29.2932,1,0,5.3195,24.7725,0.3397,0.0059,0.0062,0.0014,0.208
925,32.0922,1,0,4.8575,19.5161,0.3074,0.0053,0.0047,0.0015,0.2077
926,34.4291,1,0,5.2993,18.3528,0.1878,0.0034,0.0045,0.0011,0.412
927,61.7383,3,0,10.7326,42.969,0.6556,0.0281,0.0185,0.0038,0.6297
928,29.502,1,0,5.2975,25.1884,0.3208,0.0064,0.0055,0.0014,0.2027
929,78.4928,3,0,13.3249,65.0716,1.0269,0.0303,0.0173,0.0035,0.7918
930,91.9746,5,0,15.4505,70.4381,1.2658,0.0458,0.0276,0.0073,1.5236
931,157.734,3,1,26.0861,111.1057,0.8463,0.0253,0.0166,10.9545,0.3578
932,45.4549,1,0,8.6834,38.3604,0.4385,0.0056,0.005,0.0016,0.126
933,171.4764,10,1,29.292,132.7217,2.8941,0.1221,0.0864,11.1367,2.6863
934,94.996,4,0,16.1089,63.3814,0.7906,0.0387,0.0208,0.0055,1.1231
935,204.3561,8,1,34.6565,151.0532,2.0602,0.0771,0.0441,11.4629,1.4388
936,158.5343,2,0,25.1183,107.7079,0.536,0.0183,0.0103,0.0035,0.4931
937,33.2693,1,1,4.8278,16.51,0.5509,0.0069,0.0049,10.9687,0.2346
938,232.4738,2,0,38.725,167.0131,0.4542,0.017,0.0105,0.0041,0.4525
939,545.7291,33,0,91.8712,371.2109,6.8703,0.5962,0.1782,0.0477,9.9647
940,175.2131,10,0,27.1442,116.3747,2.3137,0.1154,0.0522,0.0144,2.4451
941,120.7602,5,0,21.8303,80.9743,1.1627,0.1059,0.0304,0.0084,1.7797
942,62.1883,3,0,10.1088,44.5649,1.1441,0.0866,0.0174,0.0042,0.894
943,32.6532,1,0,4.9669,18.5062,0.4032,0.0083,0.0052,0.0012,0.2379
944,29.197,1,0,4.9552,21.4093,0.2094,0.0036,0.0042,0.0011,0.1597
945,79.3689,1,0,12.0656,46.8544,0.398,0.006,0.0048,0.0014,0.3141
946,62.6357,2,0,9.6946,44.3547,0.5618,0.0143,0.01,0.0025,0.4453
947,357.7885,1,0,54.0205,233.67,0.7151,0.0064,0.005,0.0013,0.2531
948,95.7135,3,0,18.5726,47.5039,0.7175,0.0252,0.0138,0.003,0.5946
949,79.3302,1,0,12.4419,52.1503,0.4006,0.0055,0.0049,0.0011,0.1924
950,75.7814,4,0,13.0402,59.73,0.9382,0.0331,0.022,0.0052,1.3247
951,473.4348,1,0,78.1425,304.833,0.5044,0.0056,0.004,0.0009,0.2312
952,424.7639,3,0,68.1475,264.1358,0.5412,0.0272,0.0166,0.0043,0.7812
953,58.3663,2,0,10.7175,42.5472,0.9768,0.0174,0.0101,0.0021,0.3153
954,50.2886,1,0,7.782,30.6706,0.4403,0.0063,0.0053,0.0012,0.0968
955,425.0568,2,0,70.6489,299.787,0.649,0.0172,0.0108,0.0028,0.4303
956,57.1415,1,0,10.4481,44.5122,0.7353,0.0077,0.0418,0.0014,0.16
957,124.7465,1,0,20.9902,88.2862,0.2725,0.006,0.005,0.0013,0.3798
958,113.1257,1,0,18.1033,75.3392,0.2414,0.0049,0.0044,0.001,0.1527
959,62.1624,2,0,10.0627,42.0418,0.611,0.0159,0.0113,0.0025,0.3639
960,575.1974,3,0,94.9046,402.3758,0.6274,0.0271,0.0156,0.0042,0.8063
961,78.4358,1,0,12.507,42.482,0.5914,0.006,0.0055,0.0013,0.2094
962,47.2746,1,0,8.0218,31.1995,0.1817,0.0034,0.0042,0.0009,0.3752
963,65.3626,1,0,9.5553,35.0837,0.5408,0.0071,0.0041,0.001,0.2012
964,78.8404,3,0,12.4623,48.038,0.8163,0.0249,0.0153,0.0038,0.395
965,62.4886,3,0,10.6458,46.6754,0.8859,0.0232,0.0157,0.004,1.1738
966,329.0738,11,0,56.0767,207.0127,2.2022,0.1003,0.0582,0.0148,2.7557
967,153.9312,5,1,25.44,113.5889,1.244,0.0408,0.0249,10.9286,0.9337
968,311.7914,9,0,50.9638,219.6148,2.3059,0.0913,0.0525,0.0128,2.2248
969,112.2094,3,0,17.6091,65.8175,0.7516,0.0318,0.0146,0.0038,1.0054
970,108.886,2,0,17.6863,78.1579,0.2991,0.0117,0.0102,0.0021,0.9866
971,48.2738,2,0,9.3234,38.3957,0.4033,0.0149,0.011,0.0027,0.8092
972,63.5877,2,0,9.9962,40.9023,0.9215,0.0172,0.0107,0.0027,0.3976
973,137.7776,3,0,22.9737,81.183,0.7339,0.0234,0.0148,0.0041,0.6731
974,50.205,1,0,7.5516,37.405,0.4214,0.0078,0.0061,0.0015,0.1885
975,74.7444,4,0,12.7262,51.1943,0.9757,0.0374,0.0241,0.0057,1.595
976,32.2476,1,1,4.866,18.3938,0.5701,0.0052,0.0042,11.2036,0.1128
977,142.4691,2,0,23.6126,111.3957,0.743,0.0277,0.0104,0.0024,0.7208
978,29.1201,1,0,6.0805,22.9614,0.6934,0.0055,0.0059,0.001,0.2668
979,78.4201,1,0,13.0303,49.3862,0.3112,0.0052,0.0053,0.0013,0.17
980,75.2141,1,0,12.3648,56.4896,0.5036,0.0058,0.0064,0.0014,0.3541
981,111.848,1,0,18.5758,75.8423,0.3279,0.0058,0.0056,0.001,0.2259
982,46.1113,1,0,7.7884,28.3378,0.463,0.0055,0.0044,0.0012,0.3336
983,66.0508,1,0,9.7178,41.3246,0.4656,0.0063,0.0053,0.0011,0.1561
984,28.6824,1,0,5.1322,22.4911,0.3624,0.0055,0.005,0.0012,0.2589
985,96.5093,1,0,14.6987,60.6818,0.1868,0.0034,0.0047,0.0009,0.1558
986,74.8529,3,0,13.4422,56.0656,0.6706,0.0259,0.0168,0.0051,1.0079
987,62.2654,1,0,9.8961,48.5323,0.6048,0.0063,0.005,0.001,0.1641
988,579.1324,4,0,96.4325,391.1545,0.8096,0.0924,0.0216,0.0049,1.1729
989,33.0484,1,0,4.7143,24.057,0.591,0.0067,0.0053,0.0013,0.2465
990,29.6106,1,0,5.2265,21.55,0.3644,0.0055,0.0045,0.0016,0.1683
991,2665.4592,1,0,431.1205,1634.8654,0.4865,0.0072,0.005,0.0011,0.1345
992,91.7341,1,0,15.4084,59.2453,0.1827,0.0037,0.0045,0.0009,0.1862
993,112.4181,2,0,17.0378,61.1029,0.5736,0.0157,0.0107,0.0027,0.377
994,62.8088,3,0,9.954,44.9505,0.9136,0.0736,0.0167,0.004,0.9596
995,45.8111,1,0,7.7014,32.7216,0.5431,0.0067,0.0052,0.0013,0.1888
996,2570.3043,3,0,409.1754,1483.5096,0.593,0.0225,0.0164,0.0038,0.447
997,999.298,1,0,163.2188,579.742,0.5174,0.0072,0.0039,0.0011,0.1922
998,95.7439,1,0,14.2401,49.141,0.4586,0.0073,0.005,0.0011,0.221
999,2583.139,2,0,417.6542,1473.8309,0.6355,0.0194,0.0107,0.0028,0.4404
1000,84.2017,1,0,12.109,38.9581,0.4387,0.006,0.0047,0.0015,0.247
1001,720.2675,1,0,114.3938,415.5056,0.9273,0.0066,0.0063,0.0012,0.1997
1002,107.8966,1,0,16.9653,60.7709,0.3481,0.0056,0.0058,0.0011,0.1635
1003,95.4242,1,0,14.2232,50.2747,0.4488,0.0073,0.0049,0.0016,0.2312
1004,30.2618,1,0,5.6044,22.9105,0.2018,0.0036,0.0064,0.0014,0.1873
1005,45.3963,1,0,7.5766,25.6118,0.2345,0.0045,0.0048,0.0014,0.2048
1006,124.6141,3,0,19.7956,71.9484,0.8974,0.041,0.0146,0.0033,0.5091
1007,50.5617,2,0,7.4466,30.7481,0.4191,0.012,0.0087,0.0021,0.2878
1008,45.7061,1,0,7.7363,30.8266,0.3748,0.0058,0.0049,0.0011,0.2442
1009,32.3733,1,0,4.9073,16.8792,0.3453,0.0073,0.0049,0.0014,0.1658
1010,141.8284,4,0,22.5643,80.9556,0.6538,0.0347,0.021,0.0052,0.7036
1011,62.9605,3,1,10.1409,32.7195,1.1585,0.0293,0.0175,10.9195,0.5779
1012,107.733,6,0,17.1675,67.4523,0.858,0.0554,0.0308,0.0074,1.4366
1013,62.8757,1,0,10.233,42.0639,0.3063,0.0051,0.0047,0.0012,0.1275
1014,83.1541,3,0,12.4026,50.4665,0.7847,0.0282,0.0177,0.0042,0.5891
1015,183.0765,7,0,33.9202,113.5963,2.1108,0.2034,0.0379,0.0089,1.5193
1016,170.2623,2,1,28.1837,103.989,0.5643,0.0257,0.0136,15.0742,0.2025
1017,33.2605,1,0,4.9588,20.5359,0.2381,0.005,0.0054,0.0013,0.1487
1018,33.3922,1,0,4.9053,16.9633,0.3071,0.0072,0.005,0.0012,0.1778
1019,75.1781,3,0,12.4779,44.955,0.9315,0.048,0.0187,0.0045,0.6901
1020,162.5821,8,0,24.9776,103.2265,1.133,0.0649,0.0409,0.0101,2.2768
1021,45.1513,1,0,7.6716,27.7271,0.3724,0.0106,0.0061,0.0014,0.2426
1022,45.4697,1,0,7.2899,24.3931,0.3676,0.0059,0.005,0.0011,0.2376
1023,45.173,2,0,7.0556,31.834,0.7225,0.0176,0.01,0.0028,0.3271
1024,29.3898,1,0,4.6222,17.7989,0.1774,0.0033,0.0041,0.0008,0.3255
1025,83.4608,1,0,13.1653,47.7756,0.4357,0.0048,0.0045,0.0009,0.1702
1026,59.1662,2,0,10.2989,37.6376,0.5565,0.0162,0.0104,0.0025,0.3729
1027,48.671,2,0,7.2232,21.8032,0.9334,0.0166,0.0105,0.0023,0.4097
1028,29.1602,1,0,4.9833,20.926,0.3031,0.0054,0.0053,0.0013,0.1757
1029,32.642,1,0,5.0327,25.258,0.4283,0.0058,0.0051,0.0011,0.1518
1030,29.5509,1,0,4.7023,17.617,0.1777,0.0033,0.0046,0.0009,0.0702
1031,67.0047,1,0,10.2527,35.9729,0.374,0.0051,0.0046,0.001,0.1825
1032,28.2585,1,0,4.8645,17.8387,0.3735,0.0058,0.0046,0.0013,0.1905
1033,46.3672,1,0,7.5634,31.9431,0.186,0.0035,0.0046,0.0009,0.3812
1034,108.4377,3,0,17.8128,64.7806,0.8219,0.0242,0.0142,0.0033,0.605
1035,49.4565,1,0,7.1103,28.0719,0.375,0.0056,0.0051,0.0013,0.1865
1036,62.4652,2,0,9.9542,35.6349,1.0275,0.0175,0.0102,0.0025,0.4807
1037,61.7353,3,0,10.4029,39.8636,0.6463,0.0257,0.0137,0.0041,0.8109
1038,96.5083,1,0,15.3611,58.6737,0.1955,0.0047,0.005,0.0012,0.2567
1039,220.7161,1,0,34.813,136.6806,0.3202,0.0057,0.0054,0.0012,0.2078
1040,28.7078,1,0,5.1969,22.2168,0.6254,0.008,0.0057,0.001,0.1958
1041,136.8533,1,0,23.5973,89.701,0.3224,0.0052,0.0053,0.0011,0.3166
1042,67.4981,3,0,9.6393,41.4053,0.4508,0.0219,0.0128,0.004,0.9551
1043,28.7546,1,0,4.9188,20.8495,0.461,0.0089,0.0057,0.0013,0.2034
1044,187.3803,11,1,29.5454,111.7889,2.6219,0.1146,0.0594,10.9107,3.1431
1045,345.4121,19,0,55.5944,209.3259,4.6162,0.2297,0.0986,0.0264,4.5691
1046,153.9716,9,0,25.6155,98.088,1.6454,0.0757,0.0442,0.0124,2.1704
1047,50.5765,2,0,8.1188,26.0934,0.7325,0.0175,0.0111,0.0027,0.3592
1048,49.2801,2,0,8.2889,31.1995,0.7434,0.016,0.0114,0.0027,0.362
1049,25.2152,1,0,5.4402,21.3011,0.5361,0.0099,0.0061,0.0016,0.2472
1050,95.2282,5,0,14.3533,59.6119,0.7541,0.04,0.0247,0.0068,0.9289
1051,62.418,2,0,10.2473,36.2419,0.4782,0.0136,0.0101,0.0024,0.4839
1052,49.8153,1,0,7.5897,31.9826,0.219,0.0046,0.0055,0.0013,0.1179
1053,62.0376,3,0,10.0696,37.8556,1.2096,0.0288,0.0169,0.0045,0.8492
1054,33.325,1,0,5.0493,17.7024,0.2414,0.0049,0.0049,0.0013,0.4449
1055,137.4308,8,1,24.6952,94.6014,1.7156,0.0689,0.0413,11.2935,2.4483
1056,142.5169,7,0,22.3473,93.2315,1.4057,0.0602,0.0372,0.0111,1.8603
1057,44.7243,1,0,7.6122,32.7651,0.8131,0.0082,0.0055,0.0011,0.2284
1058,64.1669,3,0,10.3665,43.2623,0.7441,0.211,0.0149,0.0041,0.9238
1059,32.5914,1,0,5.1174,22.3463,0.6206,0.006,0.0053,0.0011,0.2482
1060,123.5988,4,0,20.2523,74.1806,0.8582,0.033,0.0257,0.0058,0.7126
1061,33.217,1,0,4.811,18.1658,0.1874,0.0036,0.0041,0.0009,0.24
1062,46.7436,2,0,7.402,25.6247,0.3607,0.0142,0.0105,0.0025,0.7398
1063,107.0911,1,0,18.306,67.5331,0.3246,0.0093,0.0062,0.0011,0.2725
1064,283.5602,2,0,46.5035,163.2408,0.3036,0.016,0.0096,0.0018,0.6496
1065,487.2439,1,0,76.1227,283.4053,0.4636,0.0059,0.005,0.0011,0.1834
1066,517.3757,1,0,80.9604,300.6392,0.1797,0.0037,0.0041,0.0011,0.3035
1067,145.1078,1,0,21.7256,81.0792,0.6514,0.0115,0.0058,0.0014,0.1551
1068,1020.953,2,0,162.3893,600.5133,0.5326,0.0144,0.0091,0.0021,0.4069
1069,78.8346,1,0,12.0697,45.8625,0.3081,0.0053,0.0046,0.0012,0.2181
1070,1854.4537,1,0,297.0796,1161.9358,0.1955,0.0037,0.0063,0.0012,0.2507
1071,66.1118,2,0,9.5763,43.5763,0.4375,0.0191,0.0106,0.0025,0.6116
1072,45.9402,2,0,7.9117,35.9246,0.4931,0.0138,0.0098,0.0021,0.5398
1073,45.7516,1,0,7.6569,34.5761,0.4658,0.006,0.0049,0.0011,0.2293
1074,33.6157,1,0,4.8013,21.3495,0.3816,0.0058,0.0049,0.0013,0.1971
1075,249.295,2,0,40.5065,168.0065,1.544,0.0173,0.0097,0.0021,0.3977
1076,108.0325,1,0,18.1695,68.6643,0.3201,0.0055,0.0057,0.0012,0.1336
1077,33.1283,1,0,4.7633,22.6284,0.2431,0.172,0.0051,0.0012,0.2193
1078,45.6432,2,0,7.4736,29.7934,0.4344,0.0128,0.0111,0.0025,0.8318
1079,79.0743,1,0,12.5889,47.5233,0.4271,0.0058,0.005,0.0012,0.292
1080,29.7269,1,0,4.9303,18.4695,0.5316,0.0067,0.006,0.0025,0.4393
1081,29.9447,1,0,5.735,15.2248,0.4689,0.0077,0.0049,0.0012,0.1734
1082,48.5161,1,0,7.4126,27.0625,0.3287,0.0073,0.0054,0.0013,0.3054
1083,129.5352,7,0,19.8999,71.9355,1.8599,0.0612,0.0393,0.0095,1.3661
1084,58.6308,3,0,11.0695,43.8545,0.9329,0.0216,0.0141,0.0038,1.0301
1085,32.1922,1,0,4.9261,20.0376,0.3823,0.0059,0.0047,0.0011,0.2794
1086,66.8977,2,0,10.2501,34.0106,0.8372,0.0163,0.0102,0.0026,0.4061
1087,74.7425,3,0,12.9993,39.5143,1.2408,0.0254,0.0144,0.0041,0.6208
1088,28.9849,1,0,5.3144,22.8508,0.5354,0.007,0.0049,0.001,0.2142
1089,62.0359,1,0,10.8544,33.7721,0.4246,0.0067,0.005,0.0014,0.205
1090,141.3447,3,0,21.5292,89.5399,1.0091,0.029,0.0144,0.004,0.6347
1091,145.6665,2,0,22.5934,78.0753,0.6802,0.0149,0.0107,0.0022,0.5523
1092,29.2828,1,0,5.2113,20.778,0.5243,0.008,0.0051,0.0013,0.189
1093,29.0309,1,0,5.1156,24.4795,0.326,0.0059,0.0053,0.0013,0.1757
1094,33.7312,1,0,4.9516,15.9079,0.2661,0.0065,0.0057,0.0018,0.1693
1095,32.8304,1,0,4.9411,20.2291,0.384,0.0057,0.0073,0.001,0.2653
1096,29.3356,1,0,5.2278,19.9034,0.5465,0.0089,0.0066,0.0015,0.2415
1097,32.8285,1,0,4.835,18.0304,0.3023,0.0052,0.0042,0.0008,0.1168
1098,28.5664,1,0,5.0149,17.4418,0.3363,0.0056,0.0046,0.0013,0.1887
1099,29.2311,1,0,5.1438,20.7317,0.2081,0.0039,0.0045,0.0009,0.3524
1100,33.8878,1,0,4.7943,17.2588,0.1815,0.0035,0.0045,0.0011,0.3694
1101,32.9843,1,0,5.0035,20.8451,0.3913,0.0103,0.0059,0.0014,0.2221
1102,28.7985,1,0,5.0641,20.4919,0.3645,0.0061,0.0057,0.0012,0.1838
1103,45.6977,2,0,7.3988,25.9539,0.671,0.0355,0.0197,0.0039,0.4746
1104,33.0965,1,0,4.9203,14.1948,0.3618,0.0058,0.0048,0.0011,0.2011
1105,28.9763,1,0,4.889,17.7516,0.4915,0.0079,0.0051,0.0015,0.2227
1106,46.047,1,0,7.3267,31.0013,0.2713,0.0165,0.007,0.0011,0.1899
1107,220.9063,1,0,34.4139,133.3865,0.3528,0.005,0.0048,0.0012,0.1681
1108,29.2839,1,0,5.1973,22.6501,0.544,0.0077,0.0048,0.0013,0.4449
1109,32.5591,1,0,4.9633,15.5866,0.3456,0.006,0.0057,0.0012,0.1627
1110,78.701,1,0,12.2306,44.7698,0.2168,0.0036,0.0046,0.0013,0.3196
1111,29.4816,1,0,4.9334,20.5299,0.1836,0.0035,0.0044,0.0011,0.1127
1112,520.885,1,0,81.8798,304.263,0.5338,0.0082,0.0063,0.0014,0.1619
1113,204.0828,1,0,32.7104,122.3939,0.3053,0.0052,0.0064,0.0012,0.2089
1114,295.8969,2,0,48.1681,206.3777,0.6598,0.0465,0.011,0.003,0.4657
1115,157.6358,1,1,24.8791,87.4478,0.3287,0.0088,0.0051,10.8908,0.1247
1116,33.1089,1,0,4.7228,19.461,0.1837,0.0039,0.0045,0.001,0.3091
1117,33.5522,1,0,4.9333,15.4049,0.1968,0.0034,0.0044,0.001,0.2951
1118,75.4792,1,0,13.2508,51.1651,0.2289,0.0124,0.0067,0.0009,0.3294
1119,82.7621,2,0,12.2173,47.3992,0.6446,0.043,0.0114,0.0026,0.5081
1120,29.2206,1,0,4.6768,16.4492,0.6137,0.0319,0.0062,0.0024,0.3741
1121,109.4837,3,0,18.4572,75.9833,0.8963,0.0286,0.0175,0.0045,0.6573
1122,94.1315,1,0,17.1848,56.8228,0.7714,0.0069,0.0053,0.0009,0.2462
1123,45.4579,2,0,7.8163,33.135,0.5388,0.0155,0.0125,0.0038,0.4576
1124,33.5867,1,0,5.1067,19.5581,0.2064,0.0041,0.0043,0.0011,0.5849
1125,63.0873,2,0,10.4839,46.2925,0.7867,0.0158,0.0101,0.0024,0.4579
1126,30.4491,1,0,5.8292,23.8932,0.4688,0.0108,0.0102,0.0018,0.2037
1127,31.32,1,0,6.7384,26.9407,0.4466,0.0071,0.0059,0.001,0.181
1128,66.3686,2,0,10.1947,50.7767,0.5235,0.0146,0.0108,0.0026,0.5701
1129,45.5776,2,0,7.9606,30.9909,0.857,0.0136,0.0111,0.0024,0.5698
1130,28.9556,1,0,4.9284,17.756,0.2846,0.0094,0.0055,0.0012,0.2827
1131,76.4769,4,0,14.0567,45.2034,1.1568,0.0365,0.0206,0.0049,0.9986
1132,32.7761,1,0,4.8284,17.98,0.3516,0.0047,0.005,0.001,0.1801
1133,44.5659,1,0,7.4002,24.93,0.341,0.0136,0.0062,0.0015,0.2235
1134,62.662,3,0,9.9509,37.9782,0.6202,0.022,0.0143,0.0034,0.5339
1135,37.8208,1,1,5.0774,12.4243,0.479,0.006,0.0051,10.8835,0.0992
1136,28.8426,1,0,5.0077,21.8353,0.3362,0.0059,0.0055,0.0016,0.1779
1137,42.3335,2,0,8.3726,25.5472,0.797,0.0154,0.0111,0.0029,0.4597
1138,128.1076,5,0,19.7816,72.289,1.1102,0.0403,0.0236,0.0063,0.9246
1139,33.4597,1,0,5.1262,23.9727,0.4655,0.0059,0.0059,0.0014,0.2486
1140,308.2384,19,1,50.4644,191.7423,4.1003,0.2126,0.1059,11.1144,4.5262
1141,128.7694,1,0,20.1599,75.7636,0.3325,0.0071,0.0051,0.0016,0.1294
1142,487.0437,1,0,76.7815,301.1412,0.3343,0.0052,0.0052,0.0011,0.2728
1143,347.2324,1,0,56.0705,220.1515,0.2673,0.004,0.0044,0.0012,0.35
1144,481.604,1,0,78.5544,300.5594,0.5476,0.0091,0.0057,0.0011,0.2797
1145,550.5153,1,0,89.2511,345.7196,0.1746,0.0035,0.0039,0.001,0.273
1146,33.2852,1,0,4.9713,18.7937,0.2407,0.0051,0.0049,0.0011,0.2388
1147,29.2357,1,0,5.3723,23.8557,0.4785,0.0052,0.0061,0.0012,0.2352
1148,328.8903,20,0,56.3438,220.1865,4.5188,0.1861,0.1062,0.0273,5.3143
1149,49.5667,1,0,7.8751,30.3097,0.8248,0.0071,0.0047,0.0015,0.2027
1150,175.5323,10,0,29.6494,103.7363,2.2181,0.0975,0.0524,0.0135,3.0974
1151,341.2381,20,1,58.1033,226.7508,6.4734,0.2568,0.1136,11.5134,5.567
1152,33.5575,1,0,5.0391,18.1694,0.5061,0.0073,0.0048,0.0013,0.2125
1153,312.1187,19,1,55.8655,213.149,4.261,0.2057,0.0993,11.4505,4.2805
1154,157.8792,2,0,25.5138,114.7442,0.5865,0.0162,0.0107,0.0024,0.4104
1155,137.6685,5,0,23.5867,98.7289,1.7777,0.0431,0.0256,0.0072,1.7313
1156,158.3616,1,0,25.6782,98.7505,0.5173,0.0059,0.0048,0.0013,0.2205
1157,32.9108,1,0,4.8106,24.1936,0.623,0.0062,0.0049,0.0014,0.2393
1158,62.4972,2,0,9.776,35.5678,0.48,0.0154,0.01,0.0026,0.2891
1159,50.3108,1,0,7.8294,25.752,0.4984,0.0292,0.0083,0.001,0.11
1160,340.6136,2,0,57.2025,205.0477,0.7319,0.0205,0.0103,0.0022,0.5613
1161,62.9615,2,0,10.1614,35.8334,0.6612,0.0157,0.0097,0.0027,0.6874
1162,33.1693,1,0,4.6019,20.7406,0.3969,0.0075,0.0059,0.0012,0.1408
1163,29.3071,1,0,5.3183,23.7506,0.3993,0.0149,0.0056,0.0014,0.2191
1164,33.4971,1,0,4.9283,21.4763,0.354,0.0061,0.0056,0.0018,0.2002
1165,45.3776,2,0,7.7144,28.1911,1.0184,0.0151,0.0098,0.0024,0.3627
1166,111.7593,5,0,22.0085,69.0781,1.5316,0.0495,0.0265,0.0068,1.3067
1167,33.1215,1,0,5.0656,19.8598,0.4781,0.0061,0.0049,0.0017,0.2997
1168,62.9992,3,0,10.1846,34.7549,1.0694,0.024,0.0167,0.0044,0.6982
1169,41.8236,2,0,8.5708,30.9123,0.8215,0.016,0.012,0.0024,0.3028
1170,144.179,5,0,23.0694,84.7885,1.4211,0.0513,0.0269,0.0067,1.0308
1171,79.6055,1,0,13.0577,61.2327,0.485,0.0089,0.0055,0.0019,0.2879
1172,75.1966,4,0,14.0632,51.6234,1.3384,0.2965,0.0222,0.0055,0.9771
1173,32.521,1,0,4.8997,26.0395,0.2882,0.0042,0.0061,0.001,0.2357
1174,95.9169,5,0,14.9731,68.2039,1.3425,0.0392,0.0247,0.0062,0.9975
1175,329.4839,20,0,53.5707,230.1048,4.5306,0.2554,0.1074,0.0286,5.7179
1176,28.1242,1,0,5.7117,25.1117,0.4654,0.0133,0.005,0.001,0.5157
1177,33.8493,1,1,5.2981,16.2995,0.324,0.007,0.0048,11.1638,0.1055
1178,187.0855,9,0,31.1633,130.1637,1.6976,0.0863,0.0489,0.0128,2.3879
1179,157.9038,9,0,25.4199,118.6088,2.9133,0.0826,0.0503,0.0141,1.9585
1180,29.8454,1,0,5.4046,18.7122,0.3061,0.007,0.0049,0.001,0.1711
1181,66.4379,3,0,10.2973,35.6099,0.7685,0.0287,0.0167,0.0046,0.961
1182,46.0871,2,0,8.7315,25.0735,0.6348,0.019,0.0111,0.0021,0.4345
1183,61.4352,1,0,9.7125,44.6637,0.5367,0.0121,0.0052,0.0013,0.1718
1184,141.0229,6,0,22.9708,94.6144,1.6972,0.0543,0.0322,0.0076,1.2335
1185,471.0158,1,0,77.3181,314.5857,0.2042,0.0035,0.0046,0.001,0.6094
1186,75.2509,4,0,13.5926,51.3335,1.0333,0.0344,0.0224,0.0052,0.7742
1187,80.2569,1,0,12.6826,48.9628,0.3317,0.0073,0.0058,0.0013,0.2231
1188,48.5738,1,0,7.4905,34.1565,0.3375,0.0053,0.0044,0.0013,0.1312
1189,62.5053,3,0,10.7161,33.6497,1.0386,0.0654,0.017,0.0038,0.7184
1190,29.0481,1,0,5.563,23.4601,0.457,0.0114,0.006,0.0011,0.2793
1191,32.3243,1,0,4.7568,20.0339,0.3041,0.0045,0.0058,0.0019,0.2314
1192,113.4472,6,0,17.5405,68.7947,1.6567,0.0854,0.0317,0.0081,1.2488
1193,74.3605,4,1,15.145,45.6918,0.6985,0.0363,0.0214,11.252,0.8564
1194,220.4016,3,0,38.086,146.7632,0.9033,0.0835,0.0152,0.0048,0.7106
1195,30.1226,1,0,5.2984,23.8738,0.3132,0.0096,0.0046,0.0008,0.2181
1196,32.5085,1,0,4.9403,22.1022,0.6905,0.0075,0.0059,0.0013,0.1988
1197,45.1525,1,0,7.4846,23.4736,0.3616,0.0082,0.0047,0.001,0.2072
1198,62.8773,2,0,9.8464,40.5911,0.6755,0.0152,0.0108,0.0024,0.4605
1199,61.9618,3,0,10.1963,39.753,0.672,0.0257,0.0149,0.0037,0.6072
1200,33.2732,1,0,4.6867,19.6788,0.4394,0.0087,0.0058,0.0013,0.245
1201,45.2473,1,0,8.5122,37.3495,0.3022,0.0034,0.0053,0.0011,0.1935
1202,46.0114,1,0,7.8418,27.5603,0.1827,0.0031,0.0042,0.0008,0.5926
1203,84.0715,4,0,12.5884,44.6454,1.1429,0.0425,0.0232,0.0064,0.9052
1204,75.07,1,0,12.9685,50.719,0.3021,0.0059,0.0056,0.0013,0.2116
1205,32.955,1,0,5.8702,19.4629,0.3036,0.0084,0.0051,0.0012,0.1928
1206,624.0946,1,0,103.4672,396.1443,0.4849,0.0063,0.005,0.0013,0.2271
1207,546.9309,1,0,88.9707,353.5891,0.1919,0.0036,0.0045,0.0013,0.3216
1208,586.878,1,0,99.4402,347.6105,0.6436,0.0133,0.0101,0.0029,0.2096
1209,482.7173,2,0,79.4676,284.7496,1.0322,0.0153,0.0106,0.0026,0.3288
1210,29.1647,1,0,4.9144,22.3198,0.491,0.0059,0.0053,0.0013,0.1993
1211,33.3689,1,0,4.8434,14.6373,0.2912,0.0055,0.006,0.0019,0.2068
1212,49.9477,1,0,7.2782,25.5271,0.3265,0.0046,0.0042,0.001,0.2009
1213,57.7035,3,0,10.7809,40.6037,0.9967,0.0279,0.0145,0.0035,0.6565
1214,158.2154,1,0,25.7376,101.7704,0.4351,0.006,0.0048,0.0012,0.2349
1215,158.4517,2,0,25.3812,88.3067,0.3854,0.0144,0.0092,0.0017,0.6321
1216,62.4035,1,0,9.9612,37.9794,0.3762,0.0056,0.0048,0.0012,0.195
1217,46.9283,1,0,8.8413,38.9091,0.2161,0.0033,0.0053,0.001,0.6044
1218,45.1165,2,0,8.1193,31.5966,0.6601,0.0149,0.0095,0.0023,0.3558
1219,33.7063,1,0,5.0948,17.5292,0.1954,0.0035,0.0042,0.0011,0.2014
1220,32.2781,1,0,4.8544,20.7589,0.7169,0.0097,0.0055,0.001,0.2335
1221,42.0467,1,0,7.784,31.7268,0.5172,0.0065,0.0083,0.0021,0.2646
1222,62.2183,1,0,10.7075,36.2421,0.1868,0.0035,0.004,0.001,0.1952
1223,82.9221,2,0,13.2441,50.548,0.3791,0.0122,0.0094,0.0021,0.595
1224,216.486,4,0,36.6508,131.4678,1.5111,0.0507,0.0217,0.0064,0.9078
1225,49.9261,1,0,8.2544,21.9347,0.3533,0.0055,0.0048,0.0013,0.1674
1226,1299.1605,1,0,207.7925,803.2052,0.3339,0.0057,0.005,0.0016,0.0804
1227,125.4263,2,0,20.0359,70.6785,0.5545,0.0127,0.0104,0.002,0.529
1228,74.8808,2,0,12.7139,54.0593,0.4854,0.0149,0.0107,0.0025,0.4283
1229,34.286,1,0,5.466,14.3446,0.2188,0.0043,0.0044,0.0009,0.3614
1230,32.748,1,0,5.019,18.1436,0.3104,0.0077,0.0048,0.0012,0.3128
1231,203.6994,1,0,33.1475,142.78,0.2617,0.0051,0.0049,0.0014,0.2313
1232,62.8333,2,0,10.0753,40.6167,0.952,0.0167,0.0086,0.0021,0.4398
1233,858.0465,1,0,138.5878,548.2262,0.4487,0.0062,0.0051,0.0014,0.1684
1234,45.6088,2,0,7.4584,37.4491,0.509,0.0161,0.0099,0.0019,0.3544
1235,50.029,1,0,7.5117,27.7325,0.4663,0.0047,0.0038,0.001,0.1565
1236,62.2502,2,0,10.1337,41.0877,0.855,0.0168,0.0092,0.0023,0.4418
1237,191.6293,11,0,31.0951,118.0867,2.0242,0.4019,0.0624,0.0147,3.3645
1238,454.0371,26,1,73.4729,296.4464,5.6062,0.2964,0.1322,11.3469,6.0796
1239,108.2947,6,0,17.8571,77.0783,1.5301,0.0555,0.0304,0.0079,1.7734
1240,157.9815,7,0,31.9346,153.7798,13.9054,0.1091,0.052,0.0129,2.5337
1241,47.2981,2,0,7.8252,32.0709,0.3986,0.0183,0.0104,0.0026,0.6173
1242,65.2344,2,0,10.5386,44.1619,1.1675,0.2016,0.0114,0.0026,0.4729
1243,29.3515,1,0,5.0901,22.224,0.6198,0.0096,0.0062,0.0013,0.2207
1244,49.0529,2,0,7.755,31.255,0.7084,0.0214,0.0106,0.0027,0.5264
1245,75.1219,2,0,13.5904,54.0411,0.5547,0.0124,0.0113,0.0026,0.5532
1246,62.6087,3,0,10.3249,50.8211,0.9061,0.0263,0.0149,0.0036,0.9509
1247,29.7207,1,0,6.0267,25.9559,0.3829,0.0064,0.0057,0.0017,0.2417
1248,31.8617,1,0,4.9255,19.5049,0.1832,0.0036,0.0042,0.001,0.3653
1249,45.726,1,0,7.91,29.805,0.5068,0.0099,0.005,0.0013,0.2561
1250,78.6626,3,0,13.2434,54.6549,1.0992,0.0297,0.0157,0.004,0.6338
1251,78.6635,3,0,12.6681,58.8522,1.2117,0.0333,0.0215,0.0055,0.667
1252,125.4442,7,1,21.3387,86.1221,1.4414,0.069,0.038,11.3557,1.7529
1253,78.5169,4,0,12.771,61.7199,1.0867,0.0404,0.0209,0.0066,0.9158
1254,138.0769,6,0,24.4489,97.5249,1.4873,0.0704,0.0325,0.0122,1.1973
1255,221.1143,13,1,35.1314,162.3769,3.6182,0.1317,0.0685,12.1243,2.9953
1256,78.1935,2,0,14.081,56.8883,0.6741,0.0177,0.0115,0.0031,0.4309
1257,124.4616,7,0,20.7007,89.1674,1.6416,0.2237,0.0363,0.0092,2.049
1258,33.4698,1,0,5.007,24.9551,0.1855,0.0038,0.0047,0.0009,0.4179
1259,29.4675,1,0,5.2208,23.9952,0.5411,0.0069,0.0056,0.0019,0.2373
1260,32.4334,1,0,4.8555,19.0544,0.3267,0.0064,0.0082,0.0014,0.191
1261,29.3662,1,0,6.2193,25.0586,0.1885,0.0035,0.005,0.001,0.56
1262,220.6543,13,1,37.0769,152.6905,3.1435,0.1212,0.0636,11.1253,3.2212
1263,92.1287,3,0,15.2302,60.4804,0.8104,0.0256,0.0147,0.0046,0.6509
1264,33.1796,1,0,5.2219,17.5671,0.2924,0.0048,0.0045,0.0014,0.2185
1265,93.306,5,0,16.0564,76.1573,1.4739,0.055,0.028,0.0085,1.5863
1266,77.4952,4,1,12.4572,57.5961,0.9823,0.0373,0.0216,11.0334,0.939
1267,63.548,2,0,10.0904,49.7242,0.6347,0.0174,0.0095,0.0023,0.5921
1268,31.65,1,0,4.9918,18.2129,0.8008,0.0062,0.0065,0.0011,0.3072
1269,33.1883,1,0,4.7694,24.8647,0.3247,0.0054,0.0048,0.0016,0.2315
1270,63.2135,3,0,12.0087,44.1941,0.679,0.0271,0.0159,0.0051,0.6412
1271,29.3003,1,1,5.7387,19.9418,0.5475,0.0054,0.0054,12.059,0.2565
1272,123.8832,7,0,21.5867,92.7934,2.0287,0.0836,0.0401,0.0099,1.823
1273,44.9378,2,0,8.1864,38.7933,0.6715,0.0164,0.0113,0.0028,0.4983
1274,79.2978,3,0,12.2032,55.0748,0.4405,0.0226,0.0137,0.0032,0.7794
1275,33.6168,1,0,5.0313,18.5239,0.1881,0.0046,0.0044,0.0011,0.3004
1276,232.8195,10,0,38.9626,168.8948,2.5075,0.1311,0.0564,0.0141,2.4716
1277,49.6559,2,1,7.2594,24.3581,0.5159,0.0185,0.01,10.8639,0.3306
1278,216.5155,2,0,36.2476,163.2318,0.666,0.017,0.0105,0.0024,0.5083
1279,125.6661,2,0,20.5024,88.5758,0.4063,0.0159,0.0109,0.0029,0.5231
1280,32.7168,1,0,4.8213,19.157,0.5369,0.0054,0.0046,0.0016,0.2039
1281,62.7497,2,0,11.7047,45.0648,0.7687,0.0175,0.011,0.0028,0.4632
1282,375.0444,1,0,63.2564,276.4158,0.5227,0.0131,0.005,0.001,0.2204
1283,990.55,3,0,162.7399,712.716,1.2046,0.0279,0.0159,0.0042,0.6271
1284,204.0839,1,0,32.1604,141.2072,0.2201,0.0048,0.0042,0.0009,0.1733
1285,283.2461,3,0,47.5938,175.1982,0.7877,0.0221,0.0136,0.0034,0.6399
1286,95.5187,3,0,16.0728,63.5372,0.678,0.3168,0.0137,0.0035,1.1614
1287,1162.3707,4,0,186.2674,789.5179,1.2368,0.0619,0.0197,0.0054,1.3637
1288,107.9929,1,0,17.888,80.7466,0.1831,0.0035,0.0041,0.001,0.4819
1289,33.5006,1,0,4.719,20.0203,0.4436,0.006,0.0043,0.0012,0.3169
1290,33.1895,1,0,4.8041,23.2285,0.3822,0.0059,0.0047,0.0012,0.2254
1291,29.2312,1,0,5.1679,24.9948,0.3204,0.007,0.0054,0.0009,0.1941
1292,33.5945,1,0,5.2153,25.1505,0.4561,0.0064,0.0052,0.0011,0.2486
1293,1045.3286,65,2,171.1435,740.1872,14.9227,0.7233,0.4171,22.1433,15.9223
1294,49.8111,2,0,7.0752,34.5705,0.758,0.0156,0.0092,0.0026,0.4431
1295,112.5647,5,0,17.1865,71.8491,0.9016,0.0419,0.0247,0.0058,1.2159
1296,28.7689,1,0,5.0371,22.8539,0.3152,0.0085,0.0056,0.0011,0.2771
1297,30.2913,1,0,5.6176,25.555,0.4058,0.0057,0.0055,0.0015,0.2509
1298,49.3307,2,0,7.7183,30.5135,1.121,0.4309,0.0148,0.0045,0.7837
1299,30.3474,1,0,5.544,21.1834,0.5117,0.008,0.005,0.0011,0.318
1300,31.4408,1,0,5.0837,17.8546,0.38,0.009,0.0041,0.0011,0.2045
1301,45.844,1,0,7.8472,26.8869,0.5217,0.0072,0.0052,0.0012,0.2257
1302,79.0637,3,0,12.182,58.23,0.6092,0.026,0.0159,0.0036,0.7333
1303,50.0595,1,0,7.8562,31.4817,0.3844,0.0063,0.0049,0.0013,0.1994
1304,107.8968,6,0,17.4633,83.8281,1.087,0.0574,0.0338,0.0075,1.4311
1305,186.8448,11,1,31.3805,110.0488,3.222,0.1191,0.0586,11.6653,2.8927
1306,171.4462,1,0,27.9607,118.9416,0.2006,0.0034,0.0046,0.001,0.1839
1307,45.6777,1,0,7.906,26.9157,0.3264,0.0054,0.0055,0.0013,0.2488
1308,112.3416,4,0,17.6433,70.7666,1.2554,0.0388,0.0225,0.006,0.879
1309,23950.5146,4,0,38.246,151.2995,1.0995,0.0422,0.0208,0.0053,0.9621
1310,175.8031,10,0,115.8095,353.3307,2.6849,0.1211,0.047,0.0105,2.3529
1311,265.0892,16,1,43.5,170.7172,4.8611,0.1615,0.0863,15.714,4.2743
1312,87.8544,4,0,14.7826,65.7139,1.1558,0.0367,0.0224,0.0053,0.9663
1313,32.4194,1,0,4.9334,19.8222,0.2846,0.0053,0.0048,0.0012,0.205
1314,158.9916,9,1,25.9123,97.7515,2.2785,0.1627,0.0467,11.026,1.9892
1315,516.4536,30,2,83.1915,323.1401,7.2285,0.4128,0.1713,22.3321,7.0294
1316,128.4583,6,0,20.5234,79.7751,1.4171,0.0532,0.0308,0.0079,1.3805
1317,29.2427,1,0,4.9583,21.6791,0.5038,0.0089,0.0056,0.0019,0.2188
1318,141.3812,6,0,27.6576,78.1797,2.2036,0.0594,0.0634,0.0106,1.5838
1319,29.1368,1,0,4.5852,17.7637,0.2515,0.0048,0.0056,0.0012,0.2138
1320,79.1132,4,0,12.4281,53.5823,0.767,0.0371,0.0201,0.0051,0.9361
1321,79.7265,4,0,14.1103,42.9637,2.029,0.112,0.0219,0.0061,0.9149
1322,28.4689,1,0,5.3292,23.4126,0.552,0.0061,0.005,0.0012,0.252
1323,425.1493,26,2,67.7384,262.2762,6.4845,0.2715,0.1389,22.1681,5.9777
1324,74.3646,4,0,12.998,41.254,0.9617,0.0421,0.0256,0.006,0.8644
1325,129.2652,7,0,19.6496,69.8374,2.1188,0.0729,0.0402,0.0105,1.6878
1326,90.7627,4,1,14.5437,59.0824,0.9,0.0389,0.0229,11.4622,1.0208
1327,62.0948,3,0,10.2979,38.1229,0.8811,0.0295,0.0153,0.0038,0.7706
1328,45.8682,1,0,7.5104,34.5131,0.4019,0.006,0.0047,0.0015,0.2168
1329,109.5626,6,0,17.7462,82.3724,1.7539,0.0584,0.0314,0.0078,1.6313
1330,111.0889,5,1,16.9417,69.7202,1.0353,0.0435,0.0232,10.9669,0.8837
1331,33.4486,1,0,4.9152,17.2628,0.2584,0.0068,0.0045,0.001,0.1962
1332,137.4769,4,0,22.6572,89.6894,1.338,0.1106,0.0253,0.0067,0.8288
1333,79.061,3,1,12.1288,43.1705,0.7973,0.0241,0.0148,11.289,0.8652
1334,33.0491,1,0,4.6598,20.0412,0.2413,0.0054,0.007,0.0017,0.218
1335,171.0014,1,0,28.8915,109.7133,0.4488,0.0086,0.0054,0.0013,0.243
1336,924.4143,5,1,147.3332,547.9486,1.2322,0.0487,0.0262,11.2472,1.6093
1337,45.9719,2,0,7.4798,28.6094,0.4577,0.016,0.0103,0.0027,0.4315
1338,32.7865,1,0,5.069,16.8262,0.3396,0.0064,0.0047,0.0014,0.1736
1339,31.782,1,0,4.9796,21.1297,0.1928,0.0035,0.0045,0.0012,0.3619
1340,313.6461,18,1,52.3886,202.0566,5.2301,0.3134,0.2491,11.3919,4.9885
1341,171.3386,9,0,27.5669,108.3528,2.1977,0.0897,0.0513,0.0126,2.2243
1342,379.3349,21,2,60.3874,239.5139,4.8546,0.369,0.1111,21.8753,4.7308
1343,266.5,13,0,43.7455,177.6161,3.1046,0.1275,0.0738,0.0198,3.1139
1344,499.4877,31,2,80.4835,290.1783,15.3786,0.3739,0.1615,22.3371,6.9866
1345,29.4339,1,0,5.044,20.9194,0.336,0.0068,0.005,0.001,0.2041
1346,78.3439,4,0,12.1532,53.7513,0.6614,0.0342,0.0216,0.0062,0.8979
1347,171.6696,9,0,28.1048,105.4234,1.5683,0.0795,0.0469,0.0116,2.5382
1348,33.0754,1,0,5.063,14.2868,0.3852,0.0047,0.0054,0.0013,0.2541
1349,74.9699,3,0,12.5761,56.7995,0.6044,0.0234,0.0163,0.0035,0.6044
1350,174.8435,10,1,27.6179,106.9801,2.2693,0.1004,0.0488,11.2302,2.3251
1351,203.5058,10,0,33.3729,118.0792,1.806,0.0953,0.054,0.0149,2.1397
1352,33.6914,1,1,4.9685,12.3132,0.4182,0.0051,0.0042,11.281,0.1415
1353,295.7084,18,1,51.904,194.542,7.7748,0.1732,0.2063,11.1741,4.6017
1354,174.8707,8,0,28.0705,98.1642,1.8506,0.077,0.0448,0.0096,1.6807
1355,45.7566,2,0,7.7886,32.4642,0.7514,0.0134,0.0097,0.0019,0.4515
1356,138.5112,7,0,23.6081,82.6318,1.7288,0.0621,0.0336,0.0085,1.4687
1357,127.3179,7,0,20.392,76.1608,1.7467,0.0678,0.0405,0.0098,1.5467
1358,29.5787,1,1,5.0289,15.7135,0.4787,0.0087,0.0059,11.3688,0.1347
1359,95.2071,5,0,15.0888,56.7471,1.0486,0.0458,0.0267,0.0056,1.2301
1360,220.7634,13,1,40.2375,114.4875,3.2219,0.1969,0.0668,11.2177,2.7604
1361,313.7516,17,1,50.5804,180.8718,3.2171,0.2068,0.0886,10.9774,4.121
1362,298.8531,18,1,48.0681,184.4661,4.0781,0.1836,0.0984,11.4306,4.1295
1363,266.439,16,1,41.9935,172.1472,3.8434,0.1594,0.0843,11.4611,3.7571
1364,75.3919,4,0,13.0861,39.6792,0.8486,0.0358,0.022,0.0047,1.0416
1365,32.3224,1,0,4.9032,17.9338,0.5514,0.006,0.0053,0.0012,0.2621
1366,46.0938,2,0,7.7287,28.5936,0.7138,0.0164,0.0115,0.0029,0.4817
1367,32.7827,1,0,4.9661,17.167,0.298,0.0039,0.007,0.0015,0.2324
1368,324.9005,17,1,53.9314,198.5673,3.8859,0.269,0.0904,11.1564,5.0139
1369,62.9011,1,0,10.1588,38.6993,0.216,0.0049,0.0048,0.0012,0.3061
1370,145.5725,1,0,22.2317,90.026,0.4657,0.0057,0.0045,0.0013,0.2346
1371,59.363,3,0,11.2346,34.6702,0.5303,0.0241,0.0228,0.0034,0.7027
1372,174.9116,10,1,29.2724,112.2841,3.012,0.1011,0.052,11.0322,1.9783
1373,94.5013,4,0,15.7725,58.2549,1.3567,0.0456,0.0252,0.0082,0.8372
1374,28.9917,1,0,5.0238,17.2514,0.2461,0.0042,0.0052,0.0013,0.2816
1375,301.5219,16,1,46.8178,181.2302,3.6526,0.1811,0.0852,11.1551,3.7038
1376,90.1024,4,0,15.0581,56.3604,1.9624,0.0396,0.0201,0.0051,1.2189
1377,79.32,4,0,12.5676,47.0168,0.792,0.0366,0.0207,0.0049,1.0626
1378,170.1607,10,1,27.9261,117.934,3.7984,0.2445,0.0541,11.1122,2.3217
1379,95.108,4,0,15.1483,47.8926,0.9685,0.034,0.021,0.0049,1.028
1380,29.0875,1,0,4.9896,17.4803,0.4626,0.0063,0.0051,0.0013,0.2243
1381,175.0182,10,1,30.7605,101.8851,3.729,0.2024,0.0776,11.8701,2.643
1382,63.8364,3,0,10.5239,30.7658,0.684,0.027,0.0167,0.0047,0.8007
1383,106.8506,6,0,20.5657,77.0259,1.3778,0.0755,0.0313,0.0084,1.7101
1384,31.5488,1,0,6.8242,16.8374,0.3609,0.0056,0.0046,0.0016,0.2053
1385,30.973,1,1,4.5902,19.2074,0.4762,0.0058,0.0048,11.5057,0.1139
1386,250.7114,14,1,40.4014,154.5442,2.4238,0.2913,0.0784,11.364,3.9144
1387,95.9625,5,0,14.437,54.4634,1.4101,0.0557,0.0257,0.0063,1.1446
1388,27.5447,1,0,4.8353,16.3275,0.6445,0.0095,0.005,0.0013,0.3079
1389,271.2825,15,1,43.2081,156.1377,2.7298,0.1391,0.0794,11.3899,3.6001
1390,79.0451,4,0,12.8025,42.9839,0.8784,0.0348,0.0211,0.0052,0.9164
1391,653.9395,40,2,103.5775,398.3881,9.1876,0.6289,0.2081,22.2423,10.1261
1392,221.5234,12,1,34.7182,135.1642,3.932,0.2016,0.1158,11.6675,2.8141
1393,217.0249,13,1,36.2602,121.8818,2.4169,0.1331,0.0698,11.198,2.6332
1394,65.323,3,0,10.211,37.8722,0.833,0.0287,0.0175,0.0048,0.6659
1395,28.8023,1,0,5.0391,18.0369,0.2475,0.0045,0.0052,0.0012,0.2432
1396,449.4766,27,2,73.0548,275.306,5.7377,0.2887,0.1417,22.135,6.3689
1397,116.8045,6,0,17.4998,68.9553,1.4212,0.0576,0.0339,0.0089,1.2617
1398,45.7974,2,0,7.8222,27.6478,0.4939,0.0186,0.0099,0.0029,0.3796
1399,124.3075,6,1,19.1852,67.6451,1.3595,0.062,0.033,11.4262,1.6622
1400,1545.7133,1,0,244.6492,917.5021,0.4488,0.0063,0.0051,0.0013,0.4084
1401,50.5173,2,0,7.4704,25.1665,0.439,0.0154,0.0092,0.0023,0.292
1402,403.782,24,2,65.9911,252.9947,5.6306,0.2326,0.1257,22.0328,5.6457
1403,128.6774,6,0,19.8107,78.7031,0.9044,0.0554,0.0284,0.0098,1.4574
1404,79.6657,4,0,12.8804,53.1342,0.921,0.0301,0.0228,0.0059,1.3562
1405,703.821,1,0,113.1071,417.6995,0.4475,0.013,0.0079,0.0013,0.2094
1406,96.0493,5,0,14.6251,68.2788,0.9812,0.0435,0.0258,0.0071,1.1068
1407,34.0172,1,1,4.8062,17.318,0.3256,0.0059,0.0054,11.3492,0.1084
1408,449.8905,27,1,74.0823,285.8105,15.1987,0.2798,0.1415,11.7703,5.9959
1409,157.4998,9,1,28.6463,99.9491,7.3985,0.0887,0.045,12.3274,1.7446
1410,142.9325,7,0,23.624,83.6148,1.7017,0.0704,0.0364,0.0094,1.7813
1411,31.3748,1,0,5.3041,20.984,0.6276,0.0278,0.0051,0.0011,0.2924
1412,141.6963,7,0,22.4962,83.7041,1.8106,0.0659,0.0387,0.009,1.7481
1413,187.7045,10,0,30.5237,118.4506,2.9972,0.1012,0.0546,0.0144,2.3815
1414,246.568,15,1,41.5091,159.9478,3.2586,0.1483,0.0792,11.1923,3.8049
1415,469.8005,28,2,78.4429,300.7446,6.0852,0.3682,0.1497,22.1325,6.178
1416,61.5269,3,0,9.8517,35.8098,7.1298,0.0727,0.0144,0.0044,0.6679
1417,33.5024,1,0,4.918,18.9152,0.4669,0.0062,0.005,0.0014,0.2227
1418,79.3752,4,0,13.0641,46.2285,0.8992,0.0404,0.0198,0.0054,0.8765
1419,28.8925,1,0,5.2576,19.2183,0.2993,0.0074,0.0059,0.0013,0.2738
1420,470.5722,27,1,73.7096,278.813,4.985,0.3186,0.1368,11.3007,6.2122
1421,76.1418,4,0,12.8034,52.1739,1.292,0.0425,0.0257,0.0065,1.0293
1422,1081.2202,67,4,173.3165,642.238,13.8319,1.02,0.3731,44.8607,16.9088
1423,128.4257,7,0,20.983,70.0623,1.3833,0.07,0.0392,0.0097,1.8267
1424,27.5969,1,1,5.4957,21.4442,1.1399,0.0069,0.0047,10.9049,0.1071
1425,95.086,5,0,14.4753,65.1155,8.9416,0.1087,0.0738,0.0066,1.6811
1426,203.1126,12,1,44.5546,117.501,10.8878,0.1641,0.0665,11.6561,3.3046
1427,109.3399,6,0,16.5986,76.587,1.6839,0.0575,0.0304,0.0075,1.3086
1428,35.9337,1,0,7.3795,16.2295,0.3157,0.0056,0.0047,0.0012,0.2154
1429,167.4898,10,1,28.3747,102.1313,8.6008,0.1786,0.0521,10.9702,2.6336
1430,109.015,6,0,17.8896,69.3208,2.4203,0.063,0.0336,0.0096,1.9976
1431,31.9181,1,0,4.6745,20.2384,0.2436,0.0043,0.0037,0.0009,0.2301
1432,108.3261,6,0,16.6886,61.331,1.5687,0.3719,0.1818,0.0082,1.9093
1433,34.5709,1,0,4.9854,18.7966,0.1846,0.0045,0.0037,0.0012,0.2009
1434,115.7557,6,0,17.5726,71.8541,1.8521,0.0881,0.0333,0.008,1.3391
1435,24.6855,1,0,7.1415,17.24,3.5078,0.0076,0.0059,0.0017,0.1822
1436,108.2098,6,0,17.2541,64.6935,1.4763,0.0655,0.0346,0.0089,1.3538
1437,28.4586,1,0,4.8599,20.5548,0.3006,0.006,0.0084,0.0015,0.199
1438,113.2561,6,0,17.5326,61.6163,2.2539,0.0556,0.0308,0.0083,1.3675
1439,45.8234,2,0,8.6004,21.2743,1.0154,0.0181,0.0341,0.0239,0.6458
1440,140.9393,7,0,21.8579,76.3356,1.3674,0.0672,0.0428,0.0123,1.4803
1441,29.2235,1,0,4.8059,17.9082,0.31,0.0048,0.0046,0.0009,0.2719
1442,457.5659,26,2,72.4477,273.0428,8.7741,0.6148,0.1422,22.2867,5.6687
1443,91.3436,5,0,15.1226,50.6384,1.279,0.051,0.0256,0.0068,1.1268
1444,30.4945,1,0,5.1681,21.7746,0.1801,0.0049,0.0057,0.0015,0.2366
1445,111.4389,6,0,17.5885,70.5849,2.311,0.0894,0.0355,0.0088,1.5452
1446,34.0095,1,0,5.0401,18.1467,0.3289,0.0048,0.0048,0.0012,0.1975
1447,124.6841,7,0,19.4983,73.731,3.5822,0.0715,0.0388,0.0096,1.6579
1448,29.1415,1,0,5.5926,23.148,0.5071,0.0121,0.0059,0.0013,0.2261
1449,111.811,6,0,16.8675,66.7027,1.256,0.0711,0.0328,0.0088,1.2194
1450,29.9966,1,0,5.0949,21.054,0.3156,0.0055,0.0058,0.0012,0.2312
1451,112.0241,6,0,17.4389,60.3395,1.225,0.055,0.0311,0.009,1.245
1452,28.8787,1,0,5.3536,21.0888,0.326,0.0052,0.0051,0.0011,0.1995
1453,97.6256,5,0,14.4707,60.5559,0.835,0.0459,0.0247,0.0062,1.1037
1454,26.9888,1,0,4.9772,21.9371,0.3015,0.0047,0.0052,0.0011,0.2171
1455,470.7221,26,1,75.3711,278.4812,9.5903,0.3633,0.1367,11.1078,5.5091
1456,142.2789,8,0,23.2655,75.0065,1.6895,0.084,0.0469,0.0108,1.8744
1457,2011.8714,128,7,322.8768,1153.2642,31.1437,1.5032,0.6944,78.2709,27.7353
1458,340.697,20,1,54.1731,225.5529,4.2769,0.2584,0.1076,11.0845,4.5623
1459,722.6249,45,3,117.6592,414.9737,9.6104,0.5109,0.2553,33.5914,11.4061
1460,577.1504,34,2,91.42,351.3729,11.7618,0.5253,0.1763,22.2411,8.1843
1461,271.0448,16,1,41.9205,160.2679,3.0291,0.1617,0.0858,11.548,4.2611
1462,232.3719,12,1,37.8079,143.9291,2.3133,0.1822,0.0623,11.2188,2.462
1463,62.6574,3,0,9.8667,35.0798,0.7868,0.0267,0.0159,0.004,0.6687
1464,29.4811,1,0,4.9885,17.9658,0.3887,0.0072,0.0052,0.0014,0.2231
1465,236.5751,14,1,38.0476,138.2476,2.7041,0.3554,0.073,11.158,3.3332
1466,63.4954,3,0,9.7997,31.0024,0.4951,0.0294,0.0282,0.0037,0.8106
1467,28.7916,1,0,5.2828,25.6356,0.5665,0.0746,0.0054,0.0016,0.384
1468,220.4105,12,1,34.9045,132.1838,2.4566,0.1107,0.0572,11.039,2.5335
1469,62.9862,3,0,10.5722,43.3161,0.6864,0.0216,0.0158,0.004,0.6738
1470,30.2626,1,0,6.9444,16.8571,0.3155,0.0059,0.0057,0.0029,0.2307
1471,93.7146,5,0,14.5157,54.4666,1.6532,0.0495,0.0305,0.0081,1.1879
1472,220.3085,9,1,34.6862,135.6674,2.2397,0.1009,0.0497,11.419,3.0427
1473,920.7016,2,0,146.8783,552.8261,0.5716,0.0278,0.0104,0.0035,0.5329
1474,358.5781,18,1,60.5261,211.2661,4.1769,0.2307,0.0901,10.9723,4.3237
1475,362.0447,2,0,56.7941,203.2535,0.7999,0.0142,0.0092,0.0031,0.4648
1476,62.5966,3,0,9.6862,38.7363,0.746,0.0234,0.0165,0.0039,0.7745
1477,32.8989,1,0,4.7576,20.3353,0.4493,0.0059,0.0051,0.0014,0.1787
1478,108.2392,6,0,17.5617,65.806,1.3646,0.0576,0.0295,0.0082,1.3872
1479,33.295,1,0,4.9876,21.0744,0.3636,0.0063,0.0049,0.0011,0.222
1480,686.82,42,3,112.2428,418.4489,10.4477,0.5526,0.3781,34.2005,10.0886
1481,296.1888,18,1,48.9071,187.1194,4.1316,0.1791,0.0958,11.2762,3.9075
1482,65.9495,3,0,9.9378,40.1243,0.7973,0.0228,0.0147,0.0036,1.2443
1483,41.4795,2,0,8.5313,33.2433,0.7249,0.0166,0.0101,0.0021,0.4555
1484,295.6126,18,1,47.7543,188.4978,3.8122,0.4587,0.0937,11.629,5.0726
1485,50.6322,2,0,7.5272,24.355,0.5922,0.018,0.009,0.002,0.5104
1486,33.2645,1,0,4.9968,19.9436,0.3404,0.0077,0.0062,0.0011,0.2231
1487,45.8112,2,0,8.0059,30.3439,0.4485,0.0155,0.0112,0.0027,0.5904
1488,580.1195,35,2,92.8349,359.4015,5.6165,0.3446,0.1806,22.7012,8.5133
1489,139.3212,7,0,22.3996,90.7413,2.1561,0.0928,0.1654,0.0113,2.0123
1490,500.4546,29,2,82.268,303.4193,7.0968,0.3482,0.1605,22.2157,6.2433
1491,178.8715,10,1,28.5298,109.5943,2.384,0.104,0.053,11.1085,2.081
1492,154.0785,7,0,24.6818,98.428,1.331,0.0619,0.0402,0.0089,1.7571
1493,29.6945,1,0,5.0313,18.5234,0.5682,0.0064,0.0066,0.0015,0.2634
1494,124.4377,6,0,20.0932,78.6942,1.5194,0.0553,0.0352,0.0085,1.3613
1495,362.6357,22,2,64.8107,209.1166,4.98,0.2129,0.1138,21.8907,5.1163
1496,154.4008,7,0,25.8441,88.4262,2.3128,0.0667,0.0348,0.0448,1.95
1497,32.5796,1,0,5.0864,19.3315,0.4323,0.0274,0.0056,0.0015,0.4216
1498,316.6027,19,1,52.318,177.7709,4.6572,0.2191,0.1125,11.0875,4.5623
1499,91.6775,5,0,14.5167,62.7925,1.2184,0.0467,0.0284,0.0066,1.4259
1500,29.8047,1,1,5.2094,22.8247,0.2929,0.0056,0.0059,11.1107,0.1258
1501,940.1383,56,3,156.0496,573.6106,12.6813,0.8183,0.3002,33.4148,13.4768
1502,63.072,3,0,9.9927,36.4893,0.6799,0.0232,0.0139,0.0037,0.8021
1503,453.1028,28,2,75.2701,270.3382,5.9792,0.2878,0.1509,22.1704,6.3562
1504,141.5221,6,0,22.0799,77.7272,1.1222,0.0586,0.0318,0.0102,1.3879
1505,30.0835,1,0,5.4872,22.9094,0.193,0.0039,0.0047,0.001,0.3673
1506,365.6072,2,0,57.6793,217.4455,0.4328,0.0119,0.0098,0.0025,0.8139
1507,74.9078,4,0,12.9312,43.9913,1.1784,0.0296,0.0209,0.0055,0.7757
1508,1094.1896,66,4,180.5971,661.0574,24.162,0.9084,0.4814,44.4029,17.5075
1509,97.8249,5,0,14.718,65.3754,2.0151,0.0462,0.026,0.0066,1.0103
1510,28.2705,1,0,5.8515,23.6468,0.4216,0.0083,0.0052,0.0012,0.2974
1511,95.9829,4,0,14.5998,55.1682,0.8955,0.0322,0.0191,0.0053,0.9699
1512,170.8126,10,1,33.3889,107.6925,3.0388,0.5842,0.0595,11.2415,2.3405
1513,124.9727,6,0,19.9227,75.2207,1.1124,0.0508,0.028,0.0068,1.6356
1514,30.119,1,0,5.4259,14.6688,0.3448,0.0052,0.0054,0.0012,0.2561
1515,61.9546,3,0,10.4051,34.9277,0.8145,0.0253,0.0165,0.0038,0.9208
1516,36.3926,1,0,4.9298,17.5726,0.2309,0.0042,0.005,0.0012,0.3286
1517,454.4971,28,2,73.5633,258.3215,6.6713,0.3815,0.1461,22.081,7.0979
1518,58.5205,3,0,9.9923,41.9485,0.9126,0.033,0.0161,0.0049,0.688
1519,32.1434,1,0,4.8246,22.4169,0.3824,0.0055,0.0052,0.0012,0.1976
1520,625.6979,38,2,97.9068,367.1848,6.3839,0.362,0.1952,22.002,9.9317
1521,112.2062,5,1,16.5539,66.8877,1.25,0.0439,0.0244,10.9755,1.1904
1522,107.9133,6,0,16.9009,69.6493,1.8018,0.056,0.0309,0.0104,1.448
1523,92.3608,4,0,18.0577,64.6173,1.0315,0.0397,0.023,0.0064,0.962
1524,32.6445,1,0,4.7344,13.8779,0.3649,0.0087,0.0053,0.001,0.2259
1525,486.9431,30,2,76.7664,290.8298,6.609,0.558,0.16,22.0374,6.9568
1526,391.5885,24,1,63.861,236.1558,6.6597,0.2647,0.132,11.0947,5.9179
1527,266.195,10,1,43.1233,173.6858,3.5265,0.1121,0.0547,11.7967,2.6193
1528,63.3132,2,0,10.99,43.5799,0.791,0.0132,0.0094,0.0025,0.7013
1529,732.7334,1,0,120.0713,442.2964,0.3605,0.006,0.0056,0.0014,0.235
1530,45.7312,2,0,7.4907,24.5609,0.7364,0.0872,0.0117,0.0024,0.5449
1531,33.3067,1,0,4.888,25.8584,0.3645,0.0056,0.0058,0.0011,0.1876
1532,91.3156,5,0,15.0047,51.2831,1.6774,0.05,0.0286,0.0065,0.9178
1533,504.2544,17,1,78.9196,287.199,3.4762,0.2126,0.0853,11.1521,3.9735
1534,61.7213,3,1,10.0032,28.7309,0.9174,0.0306,0.0147,10.9373,0.5366
1535,267.2949,2,0,42.3353,155.0702,0.3679,0.0133,0.0098,0.0027,0.432
1536,187.0742,11,1,30.3937,111.8896,2.6892,0.1415,0.0605,11.1701,2.6565
1537,158.1948,9,1,24.1807,83.2612,2.5448,0.0844,0.0472,11.0731,2.1287
1538,91.6074,2,0,14.898,54.8286,0.566,0.0162,0.0104,0.0031,0.4421
1539,91.4134,3,0,15.3429,50.5563,1.0305,0.0873,0.0149,0.0052,0.6977
1540,629.4033,2,0,100.4989,385.0269,0.5815,0.0132,0.0104,0.0034,0.3822
1541,157.4173,3,1,24.1035,88.0528,0.627,0.215,0.0149,11.0892,0.7966
1542,812.618,3,0,127.6293,456.2282,0.5588,0.0219,0.0152,0.0055,0.6328
1543,112.264,3,1,16.8991,53.3278,0.8083,0.0265,0.0147,11.3007,0.6943
1544,467.3733,1,0,75.0442,304.3235,0.2436,0.0051,0.005,0.0019,0.3795
1545,32.1731,1,0,4.9332,17.6163,0.5893,0.0067,0.0046,0.0012,0.1851
1546,49.9553,2,0,7.3849,27.5431,0.3422,0.0126,0.0089,0.0022,0.2932
1547,104.2506,6,0,17.4697,66.4164,1.3155,0.0502,0.0295,0.0078,1.1829
1548,303.9816,15,1,46.9344,171.1246,2.8468,0.1392,0.0784,11.2293,3.9545
1549,125.8023,4,0,19.0601,79.4381,0.7606,0.0319,0.0205,0.0051,1.1982
1550,283.0656,1,0,45.1384,178.0786,0.3623,0.0088,0.0042,0.0009,0.2882
1551,45.5174,2,0,8.025,32.0206,0.4026,0.014,0.0092,0.0023,0.5216
1552,31.0963,1,0,4.879,17.0588,0.601,0.0081,0.006,0.0011,0.2528
1553,31.9608,1,0,4.7974,18.7011,1.1732,0.0099,0.0516,0.0013,0.4766
1554,466.27,27,2,75.0747,292.792,21.7643,0.3457,0.1464,22.0744,5.7851
1555,254.1599,15,1,40.8728,144.5115,7.4928,0.1506,0.0849,11.1394,3.5282
1556,528.6217,32,2,84.9603,305.7727,24.1038,1.0129,0.1689,22.2602,6.6423
1557,158.128,8,0,23.7777,93.5759,1.5614,0.1414,0.0418,0.0117,2.0741
1558,33.5127,1,0,4.783,19.2593,0.4693,0.0078,0.0055,0.001,0.2251
1559,136.7454,7,0,22.8147,94.1422,2.221,0.0676,0.0376,0.0101,1.7449
1560,33.6327,1,0,4.8562,12.4284,0.3032,0.0055,0.0054,0.0013,0.203
1561,158.2389,8,0,24.7959,96.6332,1.5514,0.1408,0.0457,0.011,2.3145
1562,28.7044,1,0,4.8632,20.0956,0.2927,0.0064,0.0055,0.001,0.2176
1563,114.2057,5,0,17.0333,59.7955,1.5835,0.0443,0.0248,0.007,1.047
1564,90.3671,4,1,14.5732,52.2063,1.4528,0.0373,0.0195,11.1725,0.9842
1565,78.5662,4,0,11.8505,53.0549,0.8255,0.039,0.0296,0.0062,0.8852
1566,33.3759,1,0,4.9629,18.3229,0.2282,0.0042,0.005,0.0013,0.2392
1567,91.9705,5,0,15.3422,67.3961,1.03,0.0386,0.0241,0.0059,1.1948
1568,345.2481,20,2,55.2331,189.8511,4.2844,0.2412,0.1064,23.3596,5.4751
1569,90.8322,4,0,14.6812,64.7677,0.7153,0.0333,0.0189,0.0046,0.9137
1570,34.2138,1,0,4.8832,22.0284,0.1811,0.0032,0.0044,0.0009,0.3021
1571,153.6215,9,1,25.114,91.0409,4.5462,0.0946,0.0484,11.1358,2.0002
1572,78.6581,4,0,12.4704,42.2823,1.1786,0.0381,0.0197,0.0058,0.913
1573,32.8967,1,0,4.8939,17.1844,0.3221,0.0055,0.0051,0.0012,0.1814
1574,96.3577,5,0,15.5957,54.3433,0.8533,0.0426,0.0253,0.0061,1.2839
1575,1016.3784,64,3,166.7881,615.1754,13.6233,0.8505,0.3339,33.2406,14.3143
1576,566.1303,35,3,89.6098,329.7657,6.7181,0.4375,0.1883,33.6638,8.2152
1577,45.5686,1,0,7.2795,27.4914,0.5605,0.0059,0.0051,0.0014,0.2908
1578,516.6257,1,0,85.3589,321.9255,0.5405,0.0063,0.0053,0.0014,0.2949
1579,108.3195,6,0,17.6506,71.7144,1.9198,0.0481,0.0474,0.0082,2.4623
1580,312.8103,19,1,51.0974,217.2519,4.6842,0.1929,0.0999,11.5848,4.5072
1581,203.9088,11,0,32.4483,115.156,5.4051,0.2262,0.0886,0.0157,2.6094
1582,170.4535,9,0,27.8809,115.9585,2.7925,0.0969,0.0513,0.0143,2.1374
1583,28.9706,1,0,4.9634,18.5697,0.283,0.0051,0.0044,0.0009,0.204
1584,113.3579,6,1,18.407,65.7711,1.4492,0.0567,0.0319,11.313,1.4862
1585,361.129,22,1,60.3575,214.9667,4.118,0.2743,0.1191,11.3126,5.1921
1586,129.9571,7,0,20.5156,78.4649,2.1028,0.0703,0.0359,0.0085,1.7246
1587,40.7309,2,0,8.2838,31.5266,0.6249,0.0144,0.0109,0.0028,0.3778
1588,175.7374,10,0,27.1899,97.7333,1.9187,0.0956,0.0476,0.0133,2.3598
1589,466.4085,26,2,76.4455,299.6461,6.778,0.4939,0.1358,22.0744,6.3324
1590,533.8782,32,2,85.8605,333.0973,6.4957,0.5178,0.1708,22.445,7.1452
1591,111.9138,6,0,17.169,69.7538,1.7144,0.0581,0.0353,0.0087,1.5201
1592,31.2906,1,0,5.1778,18.176,0.3286,0.0175,0.0102,0.0021,0.2143
1593,109.2166,6,0,16.8261,64.7533,2.5072,0.0559,0.0323,0.0071,1.4484
1594,33.0677,1,1,4.5932,19.0417,0.4629,0.0058,0.0046,10.9472,0.1332
1595,125.4034,7,0,21.6213,80.7057,1.6466,0.0698,0.0345,0.009,1.666
1596,28.7827,1,0,4.8773,20.7215,0.3222,0.0096,0.0058,0.0016,0.2445
1597,141.4965,7,0,22.3913,85.1698,2.2256,0.0754,0.0418,0.0101,2.0442
1598,28.3939,1,0,5.0092,20.8232,0.3007,0.0072,0.0051,0.0014,0.2276
1599,329.7308,19,1,54.7258,216.8953,4.034,0.2003,0.1002,11.105,4.614
1600,108.6135,6,0,17.2164,61.5524,1.0298,0.0573,0.0301,0.0081,1.2681
1601,32.8397,1,0,4.6608,17.9052,0.2421,0.0055,0.0053,0.0014,0.1927
1602,126.391,7,0,21.1631,73.3251,2.0985,0.1141,0.0417,0.0106,1.638
1603,36.1813,1,1,4.865,12.2863,0.27,0.0043,0.0044,11.4288,0.1425
1604,120.5941,6,0,21.1266,77.0114,1.3584,0.0584,0.0384,0.0108,1.2561
1605,28.7419,1,0,5.0249,22.6893,0.3023,0.0073,0.0054,0.0017,0.1941
1606,112.7764,6,0,17.5423,59.6251,2.4913,0.0604,0.0325,0.0076,1.2794
1607,33.1827,1,1,5.1698,13.8717,0.3617,0.0054,0.0056,11.3351,0.0872
1608,141.3637,8,0,23.3324,83.8416,3.2782,0.083,0.0436,0.0113,1.8855
1609,27.9595,1,0,4.867,20.5228,0.3365,0.0066,0.0065,0.0011,0.2203
1610,63.0837,3,0,10.6948,46.4188,0.5056,0.0251,0.018,0.0045,0.9608
1611,29.9796,1,0,5.4827,21.3292,0.4444,0.0058,0.0055,0.0011,0.2169
1612,64.8868,3,0,9.9815,34.7769,1.1371,0.0618,0.0177,0.0045,0.6328
1613,30.1874,1,0,5.0421,17.2871,0.1905,0.0036,0.0046,0.0009,0.2175
1614,328.1195,20,1,53.9678,223.7496,4.6623,0.2275,0.1169,11.4978,4.9305
1615,141.9734,6,1,23.1395,84.5611,1.3487,0.0487,0.0269,10.9938,1.5092
1616,7497.9636,6,0,161.6317,598.4692,2.0224,0.0587,0.0313,0.0101,1.3924
